"","Age_Categories","Sex_of_driver","Educational_level","Vehicle_driver_relation","Driving_experience","Lanes_or_Medians","Types_of_Junction","Road_surface_type","Light_conditions","Weather_conditions","Type_of_collision","Vehicle_movement","Pedestrian_movement","Cause_of_accident","Accident_severity"
"837","31-50","Male","Junior high school","Employee","2-5yr","Undivided Two way","Other","Asphalt roads","Darkness - lights lit","Normal","Collision with pedestrians","Going straight","Not a Pedestrian","Drunk driving",2
"838","Over 51","Male","Junior high school","Employee","Above 10yr","Two-way (divided with broken lines road marking)","Y Shape","Asphalt roads","Daylight","Normal","Vehicle with vehicle collision","Going straight","Not a Pedestrian","Changing lane to the left",2
"839","31-50","Male","Junior high school","Owner","Above 10yr","Two-way (divided with broken lines road marking)","Y Shape","Asphalt roads","Daylight","Normal","Vehicle with vehicle collision","Going straight","Not a Pedestrian","Changing lane to the left",2
"840","Over 51","Male","Junior high school","Unknown","5-10yr","other","Y Shape","Asphalt roads","Daylight","Normal","Vehicle with vehicle collision","Turnover","Not a Pedestrian","Driving to the left",1
"841","18-30","Male","Elementary school","Owner","Above 10yr","Two-way (divided with broken lines road marking)","Y Shape","Asphalt roads","Daylight","Normal","Collision with roadside objects","Going straight","Not a Pedestrian","Changing lane to the left",1
"842","31-50","Male","Junior high school","Unknown","5-10yr","other","Y Shape","Asphalt roads","Daylight","Normal","Vehicle with vehicle collision","Going straight","Not a Pedestrian","Driving under the influence of drugs",1
"843","18-30","Male","Junior high school","Owner","5-10yr","Undivided Two way","No junction","Asphalt roads","Darkness - lights lit","Normal","Collision with roadside objects","Moving Backward","Not a Pedestrian","No priority to pedestrian",1
"844","18-30","Female","Junior high school","Owner","Above 10yr","Two-way (divided with broken lines road marking)","Crossing","Asphalt roads","Darkness - lights lit","Normal","Vehicle with vehicle collision","Going straight","Not a Pedestrian","Changing lane to the left",2
"845","31-50","Male","High school","Owner","Above 10yr","Two-way (divided with broken lines road marking)","Y Shape","Asphalt roads","Daylight","Normal","Vehicle with vehicle collision","Going straight","Not a Pedestrian","Moving Backward",2
"846","Over 51","Male","Junior high school","Unknown","5-10yr","other","Y Shape","Asphalt roads","Daylight","Normal","Collision with roadside objects","Going straight","Not a Pedestrian","No distancing",2
"847","31-50","Male","Elementary school","Employee","5-10yr","other","Y Shape","Asphalt roads","Darkness - lights lit","Normal","Vehicle with vehicle collision","Other","Not a Pedestrian","Changing lane to the right",1
"848","18-30","Female","Elementary school","Owner","Above 10yr","Two-way (divided with broken lines road marking)","Y Shape","Asphalt roads","Darkness - lights lit","Normal","Vehicle with vehicle collision","Going straight","Not a Pedestrian","No priority to vehicle",1
"849","18-30","Unknown","Junior high school","Owner","Below 1yr","Undivided Two way","Y Shape","Asphalt roads","Darkness - lights lit","Other","Collision with roadside objects","Going straight","Not a Pedestrian","Moving Backward",2
"850","31-50","Male","Junior high school","Owner","2-5yr","Undivided Two way","Y Shape","Asphalt roads","Darkness - lights lit","Other","Collision with roadside objects","Going straight","Not a Pedestrian","Overtaking",2
"851","31-50","Male","Junior high school","Owner","2-5yr","Undivided Two way","Y Shape","Asphalt roads","Darkness - lights lit","Other","Vehicle with vehicle collision","Going straight","Not a Pedestrian","Changing lane to the left",2
"852","31-50","Male","High school","Owner","5-10yr","Undivided Two way","Y Shape","Asphalt roads","Darkness - lights lit","Other","Vehicle with vehicle collision","Going straight","Not a Pedestrian","Changing lane to the right",2
"853","31-50","Male","Junior high school","Owner","5-10yr","Undivided Two way","Other","Asphalt roads","Daylight","Normal","Vehicle with vehicle collision","Going straight","Not a Pedestrian","Overtaking",1
"854","18-30","Unknown","Junior high school","Owner","Below 1yr","Undivided Two way","Other","Asphalt roads","Daylight","Normal","Vehicle with vehicle collision","U-Turn","Not a Pedestrian","Overloading",1
"855","Over 51","Male","Elementary school","Owner","Above 10yr","Two-way (divided with broken lines road marking)","No junction","Asphalt roads","Daylight","Raining","Vehicle with vehicle collision","Moving Backward","Not a Pedestrian","Other",2
"856","Under 18","Male","Elementary school","Owner","Below 1yr","Two-way (divided with broken lines road marking)","No junction","Asphalt roads","Daylight","Normal","Vehicle with vehicle collision","U-Turn","Not a Pedestrian","No priority to vehicle",1
"857","31-50","Male","Junior high school","Owner","5-10yr","Undivided Two way","Unknown","Asphalt roads","Darkness - lights unlit","Normal","Vehicle with vehicle collision","Going straight","Not a Pedestrian","Changing lane to the right",2
"858","31-50","Male","Junior high school","Owner","5-10yr","Two-way (divided with broken lines road marking)","Unknown","Asphalt roads","Darkness - lights unlit","Normal","Vehicle with vehicle collision","U-Turn","Not a Pedestrian","Moving Backward",2
"859","18-30","Male","Junior high school","Owner","5-10yr","Two-way (divided with broken lines road marking)","Y Shape","Asphalt roads","Daylight","Other","Vehicle with vehicle collision","Turnover","Not a Pedestrian","Changing lane to the left",2
"860","Over 51","Male","Junior high school","Employee","1-2yr","One way","Y Shape","Asphalt roads","Daylight","Other","Vehicle with vehicle collision","Going straight","Not a Pedestrian","No priority to pedestrian",2
"861","Over 51","Male","High school","Owner","5-10yr","Undivided Two way","Y Shape","Asphalt roads","Daylight","Other","Vehicle with vehicle collision","Going straight","Not a Pedestrian","No distancing",2
"862","31-50","Unknown","Junior high school","Employee","5-10yr","Undivided Two way","No junction","Asphalt roads","Darkness - lights lit","Other","Vehicle with vehicle collision","Waiting to go","Not a Pedestrian","No priority to vehicle",2
"863","Over 51","Male","Junior high school","Employee","5-10yr","Two-way (divided with broken lines road marking)","Crossing","Asphalt roads","Darkness - lights lit","Windy","Vehicle with vehicle collision","Going straight","Not a Pedestrian","No distancing",2
"864","31-50","Male","Junior high school","Employee","5-10yr","One way","Crossing","Asphalt roads","Darkness - lights lit","Windy","Vehicle with vehicle collision","Going straight","Not a Pedestrian","No distancing",2
"865","Over 51","Male","Junior high school","Employee","Above 10yr","Undivided Two way","Y Shape","Asphalt roads","Daylight","Normal","Vehicle with vehicle collision","Going straight","Not a Pedestrian","Moving Backward",0
"866","Over 51","Male","Junior high school","Employee","5-10yr","One way","Unknown","Asphalt roads","Darkness - lights lit","Raining","Vehicle with vehicle collision","Going straight","Not a Pedestrian","Changing lane to the right",1
"867","Under 18","Male","Junior high school","Employee","No Licence","Two-way (divided with broken lines road marking)","Unknown","Asphalt roads","Darkness - lights lit","Raining","Vehicle with vehicle collision","Moving Backward","Not a Pedestrian","No priority to pedestrian",1
"868","31-50","Male","Above high school","Employee","Below 1yr","Two-way (divided with broken lines road marking)","Y Shape","Asphalt roads","Daylight","Unknown","Vehicle with vehicle collision","Going straight","Not a Pedestrian","Moving Backward",2
"869","18-30","Male","Elementary school","Employee","5-10yr","Undivided Two way","Y Shape","Asphalt roads","Daylight","Unknown","Collision with roadside objects","Going straight","Not a Pedestrian","Getting off the vehicle improperly",2
"870","18-30","Female","Elementary school","Employee","5-10yr","Two-way (divided with solid lines road marking)","No junction","Asphalt roads","Darkness - lights lit","Normal","Vehicle with vehicle collision","Moving Backward","Not a Pedestrian","Overtaking",2
"871","Over 51","Male","Junior high school","Employee","5-10yr","Undivided Two way","Y Shape","Asphalt roads","Darkness - lights lit","Unknown","Collision with pedestrians","Getting off","Not a Pedestrian","Overloading",1
"872","18-30","Male","High school","Employee","5-10yr","One way","Y Shape","Asphalt roads","Daylight","Normal","Vehicle with vehicle collision","Reversing","Not a Pedestrian","Changing lane to the right",2
"873","Over 51","Unknown","Junior high school","Employee","5-10yr","Two-way (divided with broken lines road marking)","Y Shape","Asphalt roads","Daylight","Normal","Collision with roadside objects","Turnover","Not a Pedestrian","Improper parking",2
"874","Over 51","Male","Junior high school","Employee","2-5yr","Undivided Two way","Y Shape","Asphalt roads","Daylight","Normal","Vehicle with vehicle collision","Going straight","Not a Pedestrian","Other",2
"875","Over 51","Male","Writing & reading","Employee","5-10yr","Two-way (divided with broken lines road marking)","Y Shape","Asphalt roads","Daylight","Normal","Vehicle with vehicle collision","Going straight","Not a Pedestrian","Changing lane to the left",2
"876","Over 51","Male","Junior high school","Employee","Above 10yr","One way","Y Shape","Asphalt roads","Daylight","Normal","Vehicle with vehicle collision","Going straight","Not a Pedestrian","Changing lane to the right",2
"877","31-50","Unknown","Junior high school","Employee","1-2yr","Undivided Two way","Y Shape","Asphalt roads","Daylight","Normal","Vehicle with vehicle collision","Going straight","Not a Pedestrian","No priority to pedestrian",2
"878","31-50","Male","Writing & reading","Employee","Below 1yr","One way","Y Shape","Asphalt roads","Daylight","Normal","Vehicle with vehicle collision","Going straight","Not a Pedestrian","Overspeed",2
"879","31-50","Male","Elementary school","Employee","1-2yr","Undivided Two way","Y Shape","Asphalt roads","Darkness - lights lit","Raining","Rollover","Going straight","Not a Pedestrian","Changing lane to the left",2
"880","18-30","Male","Junior high school","Employee","5-10yr","Undivided Two way","Y Shape","Asphalt roads","Darkness - lights lit","Raining","Collision with roadside objects","Moving Backward","Not a Pedestrian","No priority to vehicle",2
"881","Over 51","Male","Junior high school","Employee","1-2yr","Undivided Two way","O Shape","Asphalt roads","Daylight","Normal","Vehicle with vehicle collision","Reversing","Not a Pedestrian","Changing lane to the right",2
"882","Over 51","Male","Elementary school","Owner","5-10yr","Two-way (divided with broken lines road marking)","O Shape","Asphalt roads","Daylight","Normal","Vehicle with vehicle collision","Turnover","Not a Pedestrian","No distancing",2
"883","31-50","Unknown","Junior high school","Employee","2-5yr","Undivided Two way","O Shape","Asphalt roads","Daylight","Normal","Collision with roadside objects","Going straight","Not a Pedestrian","No priority to pedestrian",2
"884","18-30","Male","Junior high school","Owner","Below 1yr","Two-way (divided with broken lines road marking)","No junction","Asphalt roads","Daylight","Normal","Vehicle with vehicle collision","Going straight","Not a Pedestrian","No distancing",2
"885","Over 51","Male","Writing & reading","Employee","5-10yr","Undivided Two way","Y Shape","Asphalt roads","Daylight","Normal","Vehicle with vehicle collision","Going straight","Not a Pedestrian","No priority to vehicle",2
"886","18-30","Female","Writing & reading","Employee","5-10yr","Two-way (divided with broken lines road marking)","Y Shape","Asphalt roads","Daylight","Normal","Vehicle with vehicle collision","Going straight","Not a Pedestrian","Other",2
"887","18-30","Unknown","Junior high school","Employee","5-10yr","Two-way (divided with broken lines road marking)","Y Shape","Asphalt roads","Daylight","Normal","Vehicle with vehicle collision","Going straight","Not a Pedestrian","Driving carelessly",2
"888","18-30","Male","Junior high school","Employee","2-5yr","Two-way (divided with broken lines road marking)","Y Shape","Asphalt roads","Daylight","Normal","Vehicle with vehicle collision","Going straight","Not a Pedestrian","Changing lane to the left",2
"889","Under 18","Male","Junior high school","Employee","Above 10yr","Undivided Two way","No junction","Asphalt roads","Daylight","Normal","Vehicle with vehicle collision","Going straight","Not a Pedestrian","Driving carelessly",1
"890","Under 18","Male","Junior high school","Employee","5-10yr","Undivided Two way","No junction","Asphalt roads","Daylight","Normal","Collision with pedestrians","Going straight","Not a Pedestrian","Changing lane to the left",1
"891","31-50","Male","Junior high school","Employee","Above 10yr","Undivided Two way","No junction","Asphalt roads","Daylight","Normal","Vehicle with vehicle collision","Going straight","Not a Pedestrian","No priority to vehicle",1
"892","18-30","Unknown","Junior high school","Employee","2-5yr","other","Y Shape","Asphalt roads","Darkness - lights lit","Normal","Collision with roadside objects","Going straight","Not a Pedestrian","No distancing",2
"893","31-50","Male","Junior high school","Employee","Below 1yr","Undivided Two way","Y Shape","Asphalt roads","Darkness - lights lit","Normal","Vehicle with vehicle collision","Going straight","Not a Pedestrian","Changing lane to the right",2
"894","31-50","Male","Junior high school","Employee","Below 1yr","Two-way (divided with solid lines road marking)","Y Shape","Asphalt roads","Darkness - lights lit","Normal","Vehicle with vehicle collision","Going straight","Not a Pedestrian","Changing lane to the right",2
"895","18-30","Male","Junior high school","Owner","5-10yr","Two-way (divided with solid lines road marking)","Y Shape","Asphalt roads","Darkness - lights lit","Normal","Vehicle with vehicle collision","Going straight","Not a Pedestrian","Driving at high speed",2
"896","31-50","Male","Junior high school","Employee","2-5yr","Two-way (divided with solid lines road marking)","Y Shape","Asphalt roads","Daylight","Normal","Vehicle with vehicle collision","Going straight","Not a Pedestrian","No distancing",2
"897","31-50","Male","Elementary school","Employee","Below 1yr","Two-way (divided with solid lines road marking)","Y Shape","Asphalt roads","Daylight","Normal","Vehicle with vehicle collision","Going straight"," or other","Changing lane to the right",2
"898","Over 51","Male","Junior high school","Employee","2-5yr","Two-way (divided with broken lines road marking)","No junction","Unknown","Darkness - lights lit","Other","Vehicle with vehicle collision","Going straight","Not a Pedestrian","Changing lane to the left",2
"899","31-50","Male","Junior high school","Employee","5-10yr","Undivided Two way","No junction","Asphalt roads","Darkness - lights lit","Other","Vehicle with vehicle collision","Going straight","Not a Pedestrian","Getting off the vehicle improperly",2
"900","18-30","Male","High school","Employee","Above 10yr","Undivided Two way","Y Shape","Asphalt roads","Darkness - lights lit","Normal","Vehicle with vehicle collision","Going straight","Not a Pedestrian","Other",2
"901","31-50","Male","High school","Employee","Above 10yr","other","Y Shape","Asphalt roads","Darkness - lights lit","Normal","Vehicle with vehicle collision","Going straight","Not a Pedestrian","Other",2
"902","18-30","Female","Junior high school","Employee","5-10yr","Undivided Two way","O Shape","Asphalt roads","Darkness - lights lit","Normal","Collision with roadside objects","Going straight","Not a Pedestrian","No distancing",1
"903","31-50","Male","Elementary school","Employee","1-2yr","Two-way (divided with broken lines road marking)","O Shape","Asphalt roads","Darkness - lights lit","Normal","Vehicle with vehicle collision","Going straight","Not a Pedestrian","No priority to vehicle",1
"904","31-50","Unknown","Elementary school","Employee","5-10yr","Undivided Two way","Y Shape","Asphalt roads","Darkness - lights lit","Normal","Collision with roadside objects","Going straight","Not a Pedestrian","Overtaking",2
"905","Under 18","Male","Junior high school","Employee","5-10yr","Undivided Two way","Y Shape","Asphalt roads","Darkness - lights lit","Normal","Vehicle with vehicle collision","Going straight","Not a Pedestrian","No priority to pedestrian",2
"906","18-30","Female","Junior high school","Employee","1-2yr","One way","No junction","Asphalt roads","Daylight","Normal","Vehicle with vehicle collision","Going straight","Not a Pedestrian","No distancing",2
"907","18-30","Male","Junior high school","Owner","5-10yr","Two-way (divided with broken lines road marking)","No junction","Asphalt roads","Daylight","Normal","Unknown","Going straight","Not a Pedestrian","Changing lane to the right",2
"908","18-30","Male","High school","Owner","Above 10yr","Undivided Two way","No junction","Asphalt roads","Darkness - lights lit","Normal","Collision with pedestrians","Going straight","Not a Pedestrian","Driving carelessly",2
"909","18-30","Male","Junior high school","Owner","Below 1yr","Two-way (divided with broken lines road marking)","No junction","Asphalt roads","Daylight","Normal","Vehicle with vehicle collision","Going straight","Not a Pedestrian","Changing lane to the right",1
"910","31-50","Male","Writing & reading","Owner","5-10yr","other","Y Shape","Asphalt roads","Daylight","Normal","Vehicle with vehicle collision","Going straight","Not a Pedestrian","Overtaking",1
"911","31-50","Male","Above high school","Employee","Above 10yr","Undivided Two way","Y Shape","Asphalt roads","Daylight","Normal","Vehicle with vehicle collision","Going straight","Not a Pedestrian","Other",1
"912","18-30","Female","High school","Employee","Below 1yr","One way","Y Shape","Asphalt roads","Darkness - lights lit","Normal","Collision with pedestrians","Going straight","Not a Pedestrian","Driving to the left",1
"913","18-30","Male","Junior high school","Employee","1-2yr","Undivided Two way","Y Shape","Asphalt roads","Darkness - lights lit","Normal","Collision with roadside objects","Going straight","Not a Pedestrian","Driving at high speed",1
"914","Over 51","Male","Junior high school","Employee","Above 10yr","Undivided Two way","Y Shape","Asphalt roads","Daylight","Normal","Unknown","Going straight","Not a Pedestrian","Unknown",1
"915","31-50","Male","Junior high school","Owner","Above 10yr","One way","Y Shape","Asphalt roads","Daylight","Normal","Vehicle with vehicle collision","Going straight","Not a Pedestrian","Changing lane to the right",1
"916","18-30","Female","Junior high school","Employee","Above 10yr","Undivided Two way","Y Shape","Asphalt roads","Darkness - lights lit","Other","Unknown","Unknown","Not a Pedestrian","No distancing",1
"917","31-50","Male","Junior high school","Employee","No Licence","Two-way (divided with broken lines road marking)","Y Shape","Asphalt roads","Darkness - lights lit","Other","Unknown","Going straight","Not a Pedestrian","Other",1
"918","18-30","Male","Junior high school","Employee","1-2yr","Two-way (divided with broken lines road marking)","Crossing","Asphalt roads","Daylight","Normal","Unknown","Going straight","Not a Pedestrian","No priority to vehicle",2
"919","31-50","Male","Illiterate","Owner","1-2yr","other","Other","Asphalt roads","Daylight","Normal","Vehicle with vehicle collision","Reversing","Not a Pedestrian","Changing lane to the left",1
"920","18-30","Male","Junior high school","Owner","Below 1yr","Double carriageway (median)","Other","Asphalt roads","Daylight","Normal","Vehicle with vehicle collision","Going straight","Crossing from nearside - masked by parked or statioNot a Pedestrianry vehicle","No priority to pedestrian",1
"921","Over 51","Male","Junior high school","Owner","1-2yr","Two-way (divided with broken lines road marking)","Other","Asphalt roads","Daylight","Normal","Collision with roadside objects","Going straight","Not a Pedestrian","Overtaking",1
"922","18-30","Male","Junior high school","Owner","2-5yr","Double carriageway (median)","Other","Asphalt roads","Daylight","Normal","Collision with roadside objects","Going straight","Not a Pedestrian","Driving carelessly",1
"923","Over 51","Male","Junior high school","Owner","5-10yr","Double carriageway (median)","No junction","Asphalt roads","Daylight","Normal","Vehicle with vehicle collision","Going straight","Not a Pedestrian","No priority to vehicle",2
"924","31-50","Male","Junior high school","Owner","Above 10yr","Double carriageway (median)","No junction","Asphalt roads","Daylight","Normal","Vehicle with vehicle collision","Going straight","Not a Pedestrian","No priority to pedestrian",2
"925","31-50","Male","Junior high school","Owner","2-5yr","Two-way (divided with broken lines road marking)","No junction","Asphalt roads","Daylight","Normal","Vehicle with vehicle collision","Turnover","Not a Pedestrian","Changing lane to the right",2
"926","31-50","Male","Elementary school","Owner","Above 10yr","Two-way (divided with broken lines road marking)","No junction","Asphalt roads","Daylight","Normal","Vehicle with vehicle collision","Going straight","Not a Pedestrian","Driving carelessly",2
"927","31-50","Male","Writing & reading","Owner","5-10yr","One way","No junction","Gravel roads","Daylight","Normal","Vehicle with vehicle collision","Going straight","Not a Pedestrian","Changing lane to the right",2
"928","Under 18","Male","Junior high school","Owner","5-10yr","Undivided Two way","No junction","Asphalt roads","Darkness - lights lit","Normal","Rollover","Going straight","Not a Pedestrian","Changing lane to the right",0
"929","Under 18","Male","Junior high school","Owner","5-10yr","Two-way (divided with broken lines road marking)","No junction","Asphalt roads","Darkness - lights lit","Normal","Vehicle with vehicle collision","Going straight","Not a Pedestrian","Changing lane to the left",0
"930","Under 18","Male","Junior high school","Owner","Below 1yr","Two-way (divided with broken lines road marking)","No junction","Asphalt roads","Darkness - lights lit","Normal","Collision with roadside objects","Going straight","Not a Pedestrian","Overturning",0
"931","18-30","Male","Junior high school","Owner","2-5yr","Two-way (divided with broken lines road marking)","No junction","Asphalt roads","Darkness - lights lit","Normal","Collision with pedestrians","Going straight","Not a Pedestrian","Driving carelessly",0
"932","Over 51","Male","Elementary school","Employee","2-5yr","Two-way (divided with broken lines road marking)","No junction","Asphalt roads","Daylight","Normal","Vehicle with vehicle collision","Turnover","Crossing from nearside - masked by parked or statioNot a Pedestrianry vehicle","No distancing",2
"933","18-30","Male","Junior high school","Employee","2-5yr","Two-way (divided with broken lines road marking)","No junction","Asphalt roads","Daylight","Normal","Vehicle with vehicle collision","Going straight","Not a Pedestrian","Driving carelessly",2
"934","18-30","Male","Junior high school","Employee","2-5yr","Undivided Two way","No junction","Asphalt roads","Daylight","Normal","Vehicle with vehicle collision","Going straight","Not a Pedestrian","Changing lane to the left",2
"935","31-50","Male","Junior high school","Employee","5-10yr","Undivided Two way","No junction","Asphalt roads","Daylight","Normal","Vehicle with vehicle collision","Reversing","Not a Pedestrian","No priority to vehicle",2
"936","18-30","Male","Junior high school","Employee","5-10yr","Two-way (divided with broken lines road marking)","No junction","Asphalt roads","Daylight","Normal","Vehicle with vehicle collision","Going straight","Not a Pedestrian","Changing lane to the right",2
"937","18-30","Male","Junior high school","Employee","Above 10yr","Two-way (divided with broken lines road marking)","Y Shape","Asphalt roads with some distress","Darkness - lights lit","Normal","Vehicle with vehicle collision","Going straight","Crossing from driver's nearside","No distancing",1
"938","Over 51","Male","Elementary school","Employee","5-10yr","Two-way (divided with broken lines road marking)","Y Shape","Asphalt roads","Darkness - lights lit","Normal","Vehicle with vehicle collision","Reversing","Not a Pedestrian","Moving Backward",1
"939","Over 51","Male","Junior high school","Employee","5-10yr","Undivided Two way","Y Shape","Asphalt roads","Darkness - lights lit","Normal","Collision with roadside objects","Going straight","Not a Pedestrian","Moving Backward",1
"940","31-50","Male","Junior high school","Employee","Above 10yr","Double carriageway (median)","No junction","Asphalt roads","Daylight","Normal","Rollover","Moving Backward","Not a Pedestrian","No distancing",2
"941","18-30","Male","Elementary school","Owner","5-10yr","Two-way (divided with broken lines road marking)","No junction","Asphalt roads","Daylight","Normal","Vehicle with vehicle collision","Moving Backward","Not a Pedestrian","No distancing",2
"942","18-30","Male","Junior high school","Owner","5-10yr","Undivided Two way","No junction","Asphalt roads","Daylight","Normal","Collision with pedestrians","Going straight"," or other","No distancing",2
"943","18-30","Male","Junior high school","Employee","5-10yr","other","Crossing","Asphalt roads","Darkness - lights lit","Raining","Vehicle with vehicle collision","Going straight","Not a Pedestrian","No priority to pedestrian",2
"944","18-30","Unknown","Junior high school","Employee","Below 1yr","Undivided Two way","Crossing","Asphalt roads","Darkness - lights lit","Raining","Vehicle with vehicle collision","Going straight","Not a Pedestrian","Driving carelessly",2
"945","Over 51","Male","Junior high school","Unknown","5-10yr","Undivided Two way","Crossing","Asphalt roads","Darkness - lights lit","Raining","Collision with pedestrians","Going straight","Not a Pedestrian","Changing lane to the right",2
"946","18-30","Male","Junior high school","Employee","5-10yr","Undivided Two way","Y Shape","Asphalt roads","Daylight","Normal","Collision with pedestrians","Going straight","Not a Pedestrian","Changing lane to the left",1
"947","31-50","Male","Junior high school","Employee","5-10yr","One way","Y Shape","Asphalt roads","Daylight","Normal","Vehicle with vehicle collision","Going straight","Not a Pedestrian","Driving carelessly",2
"948","31-50","Male","Junior high school","Employee","Above 10yr","Undivided Two way","Y Shape","Asphalt roads","Daylight","Normal","Vehicle with vehicle collision","Going straight","Not a Pedestrian","Driving carelessly",2
"949","31-50","Male","High school","Employee","Above 10yr","Undivided Two way","Y Shape","Asphalt roads","Daylight","Normal","Vehicle with vehicle collision","Going straight","Not a Pedestrian","No distancing",2
"950","18-30","Male","Junior high school","Employee","Above 10yr","Double carriageway (median)","No junction","Asphalt roads","Darkness - lights lit","Normal","Vehicle with vehicle collision","Going straight","Crossing from driver's nearside","Other",2
"951","18-30","Male","Junior high school","Employee","Above 10yr","Two-way (divided with solid lines road marking)","No junction","Asphalt roads","Darkness - lights lit","Normal","Vehicle with vehicle collision","Going straight","Not a Pedestrian","Changing lane to the right",2
"952","18-30","Male","Junior high school","Employee","Above 10yr","other","No junction","Asphalt roads","Darkness - lights lit","Normal","Collision with roadside objects","Going straight","Not a Pedestrian","Changing lane to the right",2
"953","18-30","Male","Junior high school","Employee","Above 10yr","Undivided Two way","No junction","Asphalt roads","Darkness - lights lit","Normal","Vehicle with vehicle collision","Parked","Not a Pedestrian","No distancing",2
"954","Over 51","Male","Junior high school","Employee","5-10yr","other","Y Shape","Asphalt roads","Darkness - lights lit","Raining","Vehicle with vehicle collision","Going straight","Not a Pedestrian","No distancing",2
"955","31-50","Male","Junior high school","Employee","2-5yr","other","Other","Asphalt roads","Daylight","Normal","Vehicle with vehicle collision","Going straight","Not a Pedestrian","Overturning",2
"956","Over 51","Male","Junior high school","Employee","Below 1yr","other","Other","Asphalt roads","Daylight","Normal","Vehicle with vehicle collision","Going straight","Not a Pedestrian","Driving at high speed",2
"957","Over 51","Male","Junior high school","Employee","Below 1yr","other","Other","Asphalt roads","Daylight","Normal","Vehicle with vehicle collision","Going straight","Not a Pedestrian","No priority to vehicle",2
"958","18-30","Male","Junior high school","Employee","2-5yr","One way","Crossing","Asphalt roads","Daylight","Normal","Vehicle with vehicle collision","Going straight","Not a Pedestrian","No priority to pedestrian",2
"959","18-30","Male","Elementary school","Employee","Below 1yr","Two-way (divided with broken lines road marking)","Crossing","Asphalt roads","Daylight","Normal","Vehicle with vehicle collision","Going straight","Not a Pedestrian","No priority to vehicle",2
"960","18-30","Male","Junior high school","Employee","Below 1yr","other","Crossing","Asphalt roads","Daylight","Normal","Vehicle with vehicle collision","Turnover","Not a Pedestrian","Other",2
"961","18-30","Male","Junior high school","Employee","5-10yr","Undivided Two way","Y Shape","Asphalt roads","Darkness - lights lit","Normal","Vehicle with vehicle collision","Going straight"," or other","Other",2
"962","31-50","Male","Junior high school","Employee","5-10yr","Two-way (divided with broken lines road marking)","No junction","Asphalt roads","Daylight","Normal","Vehicle with vehicle collision","Going straight","Not a Pedestrian","Moving Backward",1
"963","31-50","Male","Writing & reading","Employee","Below 1yr","Two-way (divided with broken lines road marking)","No junction","Asphalt roads","Daylight","Normal","Vehicle with vehicle collision","Unknown","Not a Pedestrian","No distancing",1
"964","18-30","Male","Junior high school","Employee","Below 1yr","Two-way (divided with broken lines road marking)","No junction","Asphalt roads","Daylight","Normal","Vehicle with vehicle collision","Moving Backward","Not a Pedestrian","Moving Backward",2
"965","18-30","Male","Junior high school","Employee","1-2yr","Two-way (divided with broken lines road marking)","Y Shape","Asphalt roads","Daylight","Normal","Vehicle with vehicle collision","Going straight","Not a Pedestrian","No priority to vehicle",2
"966","18-30","Male","Elementary school","Employee","Above 10yr","Undivided Two way","Y Shape","Asphalt roads","Daylight","Normal","Vehicle with vehicle collision","Moving Backward","Not a Pedestrian","Driving carelessly",2
"967","18-30","Male","Elementary school","Employee","Above 10yr","Two-way (divided with broken lines road marking)","Y Shape","Asphalt roads","Daylight","Normal","Vehicle with vehicle collision","Turnover","Not a Pedestrian","No distancing",2
"968","18-30","Male","Elementary school","Employee","Below 1yr","Two-way (divided with broken lines road marking)","No junction","Asphalt roads","Daylight","Normal","Collision with roadside objects","Going straight","Not a Pedestrian","Other",2
"969","31-50","Male","High school","Employee","2-5yr","Two-way (divided with broken lines road marking)","No junction","Asphalt roads","Daylight","Normal","Vehicle with vehicle collision","Going straight","Not a Pedestrian","Changing lane to the right",2
"970","31-50","Male","Junior high school","Employee","2-5yr","Two-way (divided with broken lines road marking)","No junction","Asphalt roads","Daylight","Normal","Vehicle with vehicle collision","Unknown","Not a Pedestrian","No distancing",2
"971","Over 51","Male","Above high school","Employee","Above 10yr","Two-way (divided with broken lines road marking)","No junction","Asphalt roads","Daylight","Normal","Vehicle with vehicle collision","Going straight","Not a Pedestrian","Driving carelessly",2
"972","31-50","Male","Junior high school","Employee","2-5yr","Undivided Two way","No junction","Asphalt roads","Daylight","Normal","Vehicle with vehicle collision","Going straight","Not a Pedestrian","No distancing",2
"973","31-50","Male","Junior high school","Employee","2-5yr","Two-way (divided with broken lines road marking)","Y Shape","Asphalt roads","Daylight","Normal","Collision with pedestrians","Going straight","Not a Pedestrian","No priority to vehicle",2
"974","31-50","Male","High school","Employee","1-2yr","Undivided Two way","Y Shape","Asphalt roads","Daylight","Normal","Vehicle with vehicle collision","Going straight","Not a Pedestrian","Changing lane to the right",2
"975","31-50","Male","Junior high school","Employee","5-10yr","Undivided Two way","Y Shape","Asphalt roads","Daylight","Normal","Vehicle with vehicle collision","Reversing","Not a Pedestrian","No priority to pedestrian",2
"976","18-30","Male","Junior high school","Employee","Below 1yr","Undivided Two way","Y Shape","Asphalt roads","Daylight","Normal","Vehicle with vehicle collision","Going straight","Not a Pedestrian","No priority to vehicle",2
"977","18-30","Male","Junior high school","Employee","Below 1yr","Undivided Two way","Y Shape","Asphalt roads","Daylight","Normal","Vehicle with vehicle collision","Going straight","Not a Pedestrian","Changing lane to the left",2