"","Age_Categories","Sex_of_driver","Educational_level","Vehicle_driver_relation","Driving_experience","Lanes_or_Medians","Types_of_Junction","Road_surface_type","Light_conditions","Weather_conditions","Type_of_collision","Vehicle_movement","Pedestrian_movement","Cause_of_accident","Accident_severity"
"1536","31-50","Male","Junior high school","Employee","2-5yr","Two-way (divided with broken lines road marking)","Y Shape","Asphalt roads","Darkness - lights lit","Raining","Vehicle with vehicle collision","Going straight","Not a Pedestrian","No priority to vehicle",2
"1537","31-50","Male","Junior high school","Employee","No Licence","Two-way (divided with broken lines road marking)","Y Shape","Asphalt roads","Darkness - lights lit","Raining","Collision with pedestrians","Moving Backward","Not a Pedestrian","No distancing",2
"1538","18-30","Male","Junior high school","Employee","Above 10yr","Double carriageway (median)","Crossing","Asphalt roads","Daylight","Normal","Vehicle with vehicle collision","Going straight","Not a Pedestrian","Driving carelessly",2
"1539","Under 18","Male","Junior high school","Employee","Above 10yr","Double carriageway (median)","Crossing","Asphalt roads","Daylight","Normal","Collision with pedestrians","Going straight"," or other","Changing lane to the left",2
"1540","Over 51","Male","Junior high school","Employee","5-10yr","Undivided Two way","Y Shape","Asphalt roads","Daylight","Normal","Vehicle with vehicle collision","Unknown","Crossing from driver's nearside","No priority to vehicle",2
"1541","18-30","Male","High school","Employee","2-5yr","One way","Y Shape","Asphalt roads","Daylight","Normal","Vehicle with vehicle collision","Going straight","Not a Pedestrian","No priority to vehicle",2
"1542","31-50","Male","High school","Owner","2-5yr","Undivided Two way","Y Shape","Asphalt roads","Darkness - lights lit","Raining","Collision with roadside objects","Going straight","Not a Pedestrian","No distancing",2
"1543","18-30","Male","Junior high school","Employee","Below 1yr","Two-way (divided with broken lines road marking)","Y Shape","Asphalt roads","Darkness - lights lit","Raining","Vehicle with vehicle collision","Going straight","Not a Pedestrian","Driving to the left",2
"1544","31-50","Male","Junior high school","Owner","Above 10yr","Two-way (divided with broken lines road marking)","No junction","Asphalt roads","Daylight","Normal","Vehicle with vehicle collision","Turnover","Not a Pedestrian","Driving carelessly",2
"1545","18-30","Male","Junior high school","Employee","Above 10yr","Undivided Two way","Y Shape","Asphalt roads","Daylight","Normal","Vehicle with vehicle collision","Going straight","Not a Pedestrian","Driving carelessly",2
"1546","31-50","Male","Elementary school","Employee","2-5yr","Double carriageway (median)","No junction","Asphalt roads","Daylight","Normal","Collision with pedestrians","Going straight","Not a Pedestrian","Changing lane to the right",2
"1547","31-50","Male","Junior high school","Employee","2-5yr","Two-way (divided with broken lines road marking)","Y Shape","Asphalt roads","Darkness - lights lit","Raining","Collision with roadside objects","Going straight","Not a Pedestrian","Driving carelessly",2
"1548","31-50","Male","Junior high school","Employee","Above 10yr","Two-way (divided with broken lines road marking)","Y Shape","Asphalt roads","Darkness - lights lit","Raining","Collision with pedestrians","Reversing","Not a Pedestrian","Changing lane to the left",2
"1549","31-50","Male","Elementary school","Employee","5-10yr","Two-way (divided with broken lines road marking)","Y Shape","Asphalt roads","Daylight","Normal","Vehicle with vehicle collision","Getting off","Not a Pedestrian","Driving carelessly",2
"1550","31-50","Male","Junior high school","Employee","Below 1yr","Two-way (divided with broken lines road marking)","Y Shape","Asphalt roads","Darkness - lights lit","Normal","Vehicle with vehicle collision","Going straight","Not a Pedestrian","Driving carelessly",2
"1551","18-30","Female","Elementary school","Employee","Below 1yr","Two-way (divided with broken lines road marking)","Y Shape","Asphalt roads","Darkness - lights lit","Normal","Vehicle with vehicle collision","Getting off","Not a Pedestrian","Driving under the influence of drugs",2
"1552","31-50","Male","Junior high school","Employee","Below 1yr","Undivided Two way","Crossing","Asphalt roads","Darkness - lights lit","Normal","Vehicle with vehicle collision","Going straight","Not a Pedestrian","Driving carelessly",2
"1553","31-50","Male","Junior high school","Employee","5-10yr","other","Crossing","Asphalt roads","Darkness - lights lit","Normal","Vehicle with vehicle collision","Going straight","Not a Pedestrian","No distancing",2
"1554","18-30","Male","Junior high school","Owner","5-10yr","Two-way (divided with broken lines road marking)","Crossing","Asphalt roads","Darkness - lights lit","Raining","Collision with roadside objects","Going straight","Not a Pedestrian","Driving carelessly",2
"1555","31-50","Male","High school","Owner","5-10yr","Two-way (divided with broken lines road marking)","Crossing","Asphalt roads","Darkness - lights lit","Normal","Collision with roadside objects","Going straight","Not a Pedestrian","Driving to the left",2
"1556","31-50","Male","Junior high school","Employee","5-10yr","Double carriageway (median)","Crossing","Asphalt roads","Darkness - lights lit","Normal","Vehicle with vehicle collision","Going straight","Crossing from offside - masked by  parked or statioNot a Pedestrianry vehicle","Overtaking",2
"1557","Over 51","Male","Junior high school","Employee","2-5yr","One way","No junction","Asphalt roads","Daylight","Normal","Vehicle with vehicle collision","Going straight","Not a Pedestrian","No distancing",1
"1558","18-30","Male","Elementary school","Employee","5-10yr","Two-way (divided with broken lines road marking)","No junction","Asphalt roads","Daylight","Normal","Vehicle with vehicle collision","Going straight","Not a Pedestrian","Driving carelessly",1
"1559","31-50","Male","Junior high school","Employee","2-5yr","Undivided Two way","Y Shape","Asphalt roads","Daylight","Normal","Vehicle with vehicle collision","Going straight","Not a Pedestrian","No priority to vehicle",2
"1560","18-30","Male","Junior high school","Employee","Below 1yr","Undivided Two way","No junction","Asphalt roads","Darkness - lights lit","Normal","Vehicle with vehicle collision","Going straight","Crossing from nearside - masked by parked or statioNot a Pedestrianry vehicle","No priority to vehicle",2
"1561","Under 18","Male","Elementary school","Employee","2-5yr","other","O Shape","Asphalt roads","Daylight","Normal","Vehicle with vehicle collision","Moving Backward","Crossing from nearside - masked by parked or statioNot a Pedestrianry vehicle","No priority to vehicle",1
"1562","18-30","Female","Junior high school","Employee","2-5yr","Two-way (divided with broken lines road marking)","O Shape","Asphalt roads","Daylight","Normal","Vehicle with vehicle collision","Going straight","Not a Pedestrian","No priority to vehicle",1
"1563","31-50","Male","Junior high school","Employee","2-5yr","Two-way (divided with broken lines road marking)","Y Shape","Asphalt roads","Daylight","Raining","Vehicle with vehicle collision","Going straight","Not a Pedestrian","No distancing",2
"1564","31-50","Male","Junior high school","Employee","5-10yr","Two-way (divided with broken lines road marking)","Crossing","Asphalt roads","Daylight","Raining","Vehicle with vehicle collision","Going straight","Not a Pedestrian","Moving Backward",2
"1565","31-50","Male","Junior high school","Employee","5-10yr","Two-way (divided with broken lines road marking)","Crossing","Asphalt roads","Darkness - lights lit","Normal","Vehicle with vehicle collision","Going straight","Not a Pedestrian","No distancing",2
"1566","18-30","Unknown","Junior high school","Employee","5-10yr","Undivided Two way","Crossing","Asphalt roads","Darkness - lights lit","Normal","Other","Going straight","Crossing from nearside - masked by parked or statioNot a Pedestrianry vehicle","Changing lane to the left",2
"1567","18-30","Male","Junior high school","Owner","5-10yr","other","Y Shape","Asphalt roads","Darkness - lights lit","Normal","Vehicle with vehicle collision","Going straight"," or other","Changing lane to the left",2
"1568","Over 51","Male","Junior high school","Employee","2-5yr","Two-way (divided with broken lines road marking)","Crossing","Asphalt roads","Darkness - lights lit","Raining","Collision with roadside objects","Going straight","Not a Pedestrian","No priority to pedestrian",2
"1569","18-30","Male","Junior high school","Employee","Below 1yr","Two-way (divided with broken lines road marking)","Y Shape","Asphalt roads","Daylight","Normal","Vehicle with vehicle collision","Going straight","Not a Pedestrian","Moving Backward",2
"1570","18-30","Male","Junior high school","Employee","1-2yr","Double carriageway (median)","Y Shape","Asphalt roads","Daylight","Normal","Vehicle with vehicle collision","Going straight","Not a Pedestrian","Changing lane to the left",2
"1571","31-50","Male","Junior high school","Employee","Below 1yr","Two-way (divided with broken lines road marking)","Y Shape","Asphalt roads","Daylight","Normal","Vehicle with vehicle collision","Going straight","Not a Pedestrian","No distancing",2
"1572","Over 51","Male","Junior high school","Employee","Above 10yr","Double carriageway (median)","No junction","Asphalt roads","Daylight","Normal","Vehicle with vehicle collision","Going straight","Not a Pedestrian","No priority to vehicle",2
"1573","18-30","Female","Junior high school","Employee","Below 1yr","Two-way (divided with broken lines road marking)","No junction","Asphalt roads","Daylight","Normal","Vehicle with vehicle collision","Going straight","Not a Pedestrian","Changing lane to the right",2
"1574","Over 51","Male","Junior high school","Employee","2-5yr","Double carriageway (median)","No junction","Asphalt roads","Daylight","Normal","Vehicle with vehicle collision","Going straight","Not a Pedestrian","No distancing",2
"1575","31-50","Male","Junior high school","Employee","1-2yr","Two-way (divided with broken lines road marking)","No junction","Asphalt roads","Daylight","Normal","Collision with roadside objects","Going straight","Not a Pedestrian","No distancing",2
"1576","Under 18","Male","Elementary school","Employee","5-10yr","Two-way (divided with broken lines road marking)","Crossing","Asphalt roads","Daylight","Normal","Collision with roadside objects","Going straight","Not a Pedestrian","Getting off the vehicle improperly",1
"1577","31-50","Male","Junior high school","Owner","Below 1yr","other","Y Shape","Asphalt roads","Daylight","Normal","Vehicle with vehicle collision","Going straight","Not a Pedestrian","No priority to pedestrian",2
"1578","31-50","Male","Junior high school","Employee","Below 1yr","Undivided Two way","Y Shape","Asphalt roads","Daylight","Normal","Collision with roadside objects","Going straight","Not a Pedestrian","Changing lane to the left",2
"1579","31-50","Male","Writing & reading","Employee","Below 1yr","Undivided Two way","Y Shape","Asphalt roads","Daylight","Normal","Collision with roadside objects","Reversing","Not a Pedestrian","No distancing",2
"1580","31-50","Male","Junior high school","Employee","1-2yr","Undivided Two way","Y Shape","Asphalt roads","Daylight","Normal","Vehicle with vehicle collision","Going straight","Not a Pedestrian","Driving carelessly",2
"1581","31-50","Male","Elementary school","Owner","5-10yr","Two-way (divided with broken lines road marking)","Y Shape","Asphalt roads","Daylight","Normal","Vehicle with vehicle collision","Going straight","Not a Pedestrian","No distancing",2
"1582","31-50","Male","Junior high school","Employee","2-5yr","Undivided Two way","Y Shape","Asphalt roads","Daylight","Normal","Collision with roadside objects","Going straight","Not a Pedestrian","Changing lane to the right",2
"1583","18-30","Male","Junior high school","Owner","Below 1yr","Two-way (divided with broken lines road marking)","Y Shape","Asphalt roads","Daylight","Normal","Vehicle with vehicle collision","Unknown","Not a Pedestrian","Overtaking",2
"1584","18-30","Male","Writing & reading","Employee","5-10yr","Undivided Two way","Y Shape","Asphalt roads","Daylight","Normal","Vehicle with vehicle collision","Going straight","Not a Pedestrian","Driving carelessly",2
"1585","31-50","Male","Writing & reading","Employee","5-10yr","Two-way (divided with broken lines road marking)","Crossing","Asphalt roads","Darkness - lights lit","Normal","Vehicle with vehicle collision","Going straight","Not a Pedestrian","Moving Backward",2
"1586","18-30","Male","Junior high school","Employee","5-10yr","Two-way (divided with broken lines road marking)","Crossing","Asphalt roads","Darkness - lights lit","Normal","Vehicle with vehicle collision","Going straight","Not a Pedestrian","No distancing",2
"1587","18-30","Female","Junior high school","Employee","2-5yr","Two-way (divided with broken lines road marking)","Crossing","Asphalt roads","Darkness - lights lit","Normal","Vehicle with vehicle collision","Going straight","Not a Pedestrian","Overtaking",2
"1588","18-30","Male","Junior high school","Employee","Above 10yr","Undivided Two way","No junction","Asphalt roads","Darkness - lights lit","Normal","Vehicle with vehicle collision","Going straight","Not a Pedestrian","Driving carelessly",2
"1589","18-30","Male","Junior high school","Employee","5-10yr","Undivided Two way","No junction","Asphalt roads","Darkness - lights lit","Normal","Collision with pedestrians","Going straight","Not a Pedestrian","Driving carelessly",2
"1590","Over 51","Male","Junior high school","Employee","Above 10yr","Undivided Two way","Y Shape","Asphalt roads","Daylight","Normal","Vehicle with vehicle collision","Unknown","Not a Pedestrian","Moving Backward",2
"1591","31-50","Male","Junior high school","Employee","2-5yr","other","Y Shape","Asphalt roads","Daylight","Normal","Collision with roadside objects","Moving Backward","Not a Pedestrian","Driving carelessly",2
"1592","31-50","Male","Junior high school","Employee","Below 1yr","Undivided Two way","Y Shape","Asphalt roads","Darkness - lights lit","Normal","Vehicle with vehicle collision","Going straight","Not a Pedestrian","Driving to the left",2
"1593","18-30","Male","Junior high school","Employee","Below 1yr","Two-way (divided with solid lines road marking)","Y Shape","Asphalt roads","Darkness - lights lit","Normal","Vehicle with vehicle collision","Turnover","Not a Pedestrian","Changing lane to the left",2
"1594","31-50","Male","Junior high school","Owner","5-10yr","Two-way (divided with solid lines road marking)","Y Shape","Asphalt roads","Daylight","Normal","Vehicle with vehicle collision","Turnover","Not a Pedestrian","No distancing",2
"1595","18-30","Male","Junior high school","Employee","2-5yr","Two-way (divided with solid lines road marking)","Y Shape","Asphalt roads","Daylight","Normal","Vehicle with vehicle collision","Reversing","Not a Pedestrian","No distancing",2
"1596","31-50","Male","Elementary school","Employee","Below 1yr","Two-way (divided with solid lines road marking)","No junction","Asphalt roads","Daylight","Normal","Vehicle with vehicle collision","Reversing"," or other","Changing lane to the right",2
"1597","Over 51","Male","Junior high school","Employee","2-5yr","Two-way (divided with broken lines road marking)","No junction","Unknown","Daylight","Normal","Vehicle with vehicle collision","Reversing","Not a Pedestrian","Driving under the influence of drugs",2
"1598","31-50","Male","Junior high school","Employee","5-10yr","Undivided Two way","No junction","Asphalt roads","Daylight","Normal","Vehicle with vehicle collision","Moving Backward","Not a Pedestrian","Changing lane to the right",2
"1599","18-30","Male","High school","Employee","Above 10yr","Undivided Two way","Y Shape","Asphalt roads","Daylight","Normal","Vehicle with vehicle collision","Going straight","Not a Pedestrian","Changing lane to the left",2
"1600","18-30","Male","High school","Employee","Above 10yr","other","Y Shape","Asphalt roads","Daylight","Normal","Vehicle with vehicle collision","Going straight","Not a Pedestrian","Moving Backward",2
"1601","31-50","Male","Junior high school","Employee","5-10yr","Undivided Two way","Y Shape","Asphalt roads","Daylight","Normal","Collision with roadside objects","Going straight","Not a Pedestrian","No distancing",2
"1602","31-50","Male","Elementary school","Employee","1-2yr","Two-way (divided with broken lines road marking)","Y Shape","Asphalt roads","Daylight","Normal","Vehicle with vehicle collision","Going straight","Not a Pedestrian","Changing lane to the right",2
"1603","31-50","Male","Elementary school","Employee","5-10yr","Undivided Two way","Crossing","Asphalt roads","Darkness - lights lit","Normal","Collision with roadside objects","Going straight","Not a Pedestrian","Moving Backward",2
"1604","18-30","Male","Junior high school","Employee","5-10yr","Undivided Two way","Crossing","Asphalt roads","Darkness - lights lit","Normal","Vehicle with vehicle collision","Going straight","Not a Pedestrian","No distancing",2
"1605","18-30","Male","Junior high school","Employee","1-2yr","One way","Y Shape","Asphalt roads","Darkness - lights lit","Normal","Vehicle with vehicle collision","Going straight","Not a Pedestrian","Driving to the left",2
"1606","31-50","Male","Junior high school","Owner","5-10yr","Two-way (divided with broken lines road marking)","Y Shape","Asphalt roads","Darkness - lights lit","Normal","Unknown","Going straight","Not a Pedestrian","Driving to the left",2
"1607","18-30","Male","High school","Owner","Above 10yr","Undivided Two way","Y Shape","Asphalt roads","Darkness - lights lit","Normal","Collision with pedestrians","Going straight","Not a Pedestrian","Moving Backward",2
"1608","18-30","Male","Junior high school","Owner","Below 1yr","Two-way (divided with broken lines road marking)","Y Shape","Asphalt roads","Daylight","Normal","Vehicle with vehicle collision","Turnover","Not a Pedestrian","Moving Backward",2
"1609","18-30","Male","Writing & reading","Owner","5-10yr","other","Y Shape","Asphalt roads","Daylight","Normal","Vehicle with vehicle collision","Going straight","Not a Pedestrian","Overtaking",2
"1610","31-50","Male","Above high school","Employee","Above 10yr","Undivided Two way","Y Shape","Asphalt roads","Daylight","Normal","Vehicle with vehicle collision","Moving Backward","Not a Pedestrian","Driving carelessly",1
"1611","31-50","Male","High school","Employee","Below 1yr","One way","Y Shape","Asphalt roads","Daylight","Normal","Collision with pedestrians","Going straight","Not a Pedestrian","Changing lane to the left",1
"1612","18-30","Male","Junior high school","Employee","1-2yr","Undivided Two way","Y Shape","Asphalt roads","Darkness - lights lit","Normal","Collision with roadside objects","Going straight","Not a Pedestrian","Driving under the influence of drugs",2
"1613","18-30","Male","Junior high school","Employee","Above 10yr","Undivided Two way","Y Shape","Asphalt roads","Darkness - lights lit","Normal","Unknown","Moving Backward","Not a Pedestrian","No distancing",2
"1614","18-30","Male","Junior high school","Owner","Above 10yr","One way","Y Shape","Asphalt roads","Darkness - lights lit","Normal","Vehicle with vehicle collision","Going straight","Not a Pedestrian","Moving Backward",2
"1615","18-30","Male","Junior high school","Employee","Above 10yr","Undivided Two way","Crossing","Asphalt roads","Daylight","Normal","Unknown","Going straight","Not a Pedestrian","Changing lane to the left",1
"1616","31-50","Unknown","Junior high school","Employee","No Licence","Two-way (divided with broken lines road marking)","Crossing","Asphalt roads","Daylight","Normal","Unknown","Waiting to go","Not a Pedestrian","Changing lane to the right",1
"1617","18-30","Male","Junior high school","Employee","1-2yr","Two-way (divided with broken lines road marking)","Y Shape","Asphalt roads","Daylight","Normal","Unknown","Moving Backward","Not a Pedestrian","No distancing",2
"1618","31-50","Male","Illiterate","Owner","1-2yr","other","Y Shape","Asphalt roads","Daylight","Normal","Vehicle with vehicle collision","Moving Backward","Not a Pedestrian","Driving at high speed",2
"1619","Over 51","Male","Junior high school","Owner","Below 1yr","Double carriageway (median)","Crossing","Asphalt roads","Darkness - lights lit","Other","Vehicle with vehicle collision","Going straight","Not a Pedestrian","Changing lane to the right",1
"1620","31-50","Male","Junior high school","Owner","1-2yr","Two-way (divided with broken lines road marking)","Crossing","Asphalt roads","Darkness - lights lit","Other","Collision with roadside objects","Unknown","Not a Pedestrian","No priority to vehicle",1
"1621","31-50","Male","Junior high school","Owner","2-5yr","Double carriageway (median)","No junction","Asphalt roads","Daylight","Normal","Collision with roadside objects","Going straight","Not a Pedestrian","No distancing",2
"1622","31-50","Male","Junior high school","Owner","5-10yr","Double carriageway (median)","O Shape","Asphalt roads","Daylight","Raining","Vehicle with vehicle collision","Going straight","Not a Pedestrian","Turnover",2
"1623","Under 18","Male","Junior high school","Owner","Above 10yr","Double carriageway (median)","O Shape","Asphalt roads","Daylight","Raining","Vehicle with vehicle collision","Going straight","Not a Pedestrian","No distancing",2
"1624","31-50","Male","Junior high school","Owner","2-5yr","Two-way (divided with broken lines road marking)","No junction","Asphalt roads","Daylight","Normal","Vehicle with vehicle collision","Moving Backward","Not a Pedestrian","Changing lane to the right",2
"1625","Over 51","Male","Elementary school","Owner","Above 10yr","Two-way (divided with broken lines road marking)","No junction","Asphalt roads","Daylight","Normal","Vehicle with vehicle collision","Going straight","Not a Pedestrian","No distancing",2
"1626","Over 51","Male","Writing & reading","Owner","5-10yr","One way","No junction","Gravel roads","Daylight","Normal","Vehicle with vehicle collision","Going straight","Not a Pedestrian","Changing lane to the left",2
"1627","Over 51","Male","Junior high school","Owner","5-10yr","Undivided Two way","No junction","Asphalt roads","Daylight","Normal","Rollover","Going straight","Not a Pedestrian","Driving carelessly",2
"1628","31-50","Male","Junior high school","Owner","5-10yr","Two-way (divided with broken lines road marking)","Crossing","Asphalt roads","Daylight","Normal","Vehicle with vehicle collision","Going straight","Not a Pedestrian","Changing lane to the right",2
"1629","31-50","Male","Junior high school","Owner","Below 1yr","Two-way (divided with broken lines road marking)","Crossing","Asphalt roads","Daylight","Normal","Collision with roadside objects","Going straight","Not a Pedestrian","No priority to vehicle",2
"1630","18-30","Male","Junior high school","Owner","2-5yr","Two-way (divided with broken lines road marking)","Crossing","Asphalt roads","Darkness - lights lit","Normal","Collision with pedestrians","Reversing","Not a Pedestrian","No distancing",2
"1631","Under 18","Male","Elementary school","Employee","2-5yr","Two-way (divided with broken lines road marking)","Crossing","Asphalt roads","Darkness - lights lit","Normal","Vehicle with vehicle collision","Going straight","Not a Pedestrian","No priority to pedestrian",2
"1632","31-50","Male","Junior high school","Employee","2-5yr","Two-way (divided with broken lines road marking)","Crossing","Asphalt roads","Daylight","Normal","Vehicle with vehicle collision","Going straight","Not a Pedestrian","No priority to pedestrian",2
"1633","Over 51","Male","Junior high school","Employee","2-5yr","Undivided Two way","Crossing","Asphalt roads","Daylight","Normal","Vehicle with vehicle collision","Going straight","Not a Pedestrian","No priority to vehicle",2
"1634","18-30","Male","Junior high school","Employee","5-10yr","Undivided Two way","Y Shape","Asphalt roads","Daylight","Normal","Vehicle with vehicle collision","Going straight","Not a Pedestrian","Changing lane to the left",2
"1635","18-30","Male","Junior high school","Employee","5-10yr","Two-way (divided with broken lines road marking)","Y Shape","Asphalt roads","Daylight","Normal","Vehicle with vehicle collision","Going straight","Not a Pedestrian","Changing lane to the left",2
"1636","18-30","Male","Junior high school","Employee","Above 10yr","Two-way (divided with broken lines road marking)","Other","Asphalt roads with some distress","Daylight","Normal","Vehicle with vehicle collision","Going straight","Not a Pedestrian","No distancing",2
"1637","18-30","Male","Elementary school","Employee","5-10yr","Two-way (divided with broken lines road marking)","Other","Asphalt roads","Daylight","Normal","Vehicle with vehicle collision","Going straight","Not a Pedestrian","No priority to vehicle",2
"1638","18-30","Male","Junior high school","Employee","5-10yr","Undivided Two way","Y Shape","Asphalt roads","Daylight","Normal","Collision with roadside objects","Going straight","Not a Pedestrian","No distancing",2
"1639","18-30","Male","Junior high school","Employee","Above 10yr","Double carriageway (median)","Y Shape","Asphalt roads","Daylight","Normal","Rollover","Waiting to go","Not a Pedestrian","No distancing",2
"1640","Over 51","Male","Elementary school","Owner","5-10yr","Two-way (divided with broken lines road marking)","No junction","Asphalt roads","Darkness - lights lit","Normal","Vehicle with vehicle collision","Going straight","Not a Pedestrian","Changing lane to the right",1
"1641","31-50","Male","Junior high school","Owner","5-10yr","Undivided Two way","Y Shape","Asphalt roads","Darkness - lights lit","Normal","Collision with pedestrians","Going straight","Not a Pedestrian","Changing lane to the left",1
"1642","18-30","Unknown","Junior high school","Employee","5-10yr","other","No junction","Asphalt roads","Darkness - lights lit","Normal","Vehicle with vehicle collision","Going straight","Not a Pedestrian","No distancing",2
"1643","18-30","Male","Junior high school","Employee","Below 1yr","Undivided Two way","No junction","Asphalt roads","Darkness - lights lit","Normal","Vehicle with vehicle collision","Going straight","Not a Pedestrian","Overturning",2
"1644","31-50","Male","Junior high school","Unknown","5-10yr","Undivided Two way","No junction","Asphalt roads","Darkness - lights lit","Normal","Collision with pedestrians","Going straight","Not a Pedestrian","No priority to vehicle",2
"1645","18-30","Male","Junior high school","Employee","5-10yr","Undivided Two way","Crossing","Asphalt roads","Daylight","Normal","Collision with pedestrians","Going straight","Not a Pedestrian","Moving Backward",2
"1646","31-50","Male","Junior high school","Employee","5-10yr","One way","Crossing","Asphalt roads","Daylight","Normal","Vehicle with vehicle collision","Going straight","Not a Pedestrian","Driving under the influence of drugs",2
"1647","31-50","Male","Junior high school","Employee","Above 10yr","Undivided Two way","Y Shape","Asphalt roads","Daylight","Normal","Vehicle with vehicle collision","Going straight","Not a Pedestrian","Moving Backward",2
"1648","18-30","Male","High school","Employee","Above 10yr","Undivided Two way","Y Shape","Asphalt roads","Daylight","Normal","Vehicle with vehicle collision","Going straight","Not a Pedestrian","Changing lane to the right",2
"1649","18-30","Male","Junior high school","Employee","Above 10yr","Double carriageway (median)","No junction","Asphalt roads","Daylight","Normal","Vehicle with vehicle collision","Going straight","Not a Pedestrian","Overspeed",1
"1650","18-30","Male","Junior high school","Employee","Above 10yr","Two-way (divided with solid lines road marking)","No junction","Asphalt roads","Daylight","Normal","Vehicle with vehicle collision","Going straight","Not a Pedestrian","Driving under the influence of drugs",2
"1651","18-30","Male","Junior high school","Employee","Above 10yr","other","Y Shape","Asphalt roads","Daylight","Normal","Collision with roadside objects","Going straight","Crossing from nearside - masked by parked or statioNot a Pedestrianry vehicle","Driving carelessly",2
"1652","18-30","Female","Junior high school","Employee","Above 10yr","Undivided Two way","Y Shape","Asphalt roads","Daylight","Normal","Vehicle with vehicle collision","Going straight","Crossing from nearside - masked by parked or statioNot a Pedestrianry vehicle","No distancing",2
"1653","31-50","Male","Junior high school","Employee","5-10yr","other","Y Shape","Asphalt roads","Darkness - lights lit","Normal","Vehicle with vehicle collision","Turnover","Not a Pedestrian","No priority to vehicle",2
"1654","18-30","Male","Junior high school","Employee","2-5yr","other","Y Shape","Asphalt roads","Daylight","Normal","Vehicle with vehicle collision","Reversing","Not a Pedestrian","Overspeed",1
"1655","31-50","Male","Junior high school","Employee","Below 1yr","other","Y Shape","Asphalt roads","Darkness - lights lit","Normal","Vehicle with vehicle collision","Moving Backward","Not a Pedestrian","Driving under the influence of drugs",2
"1656","18-30","Male","Junior high school","Employee","Below 1yr","other","Y Shape","Asphalt roads","Darkness - lights lit","Normal","Vehicle with vehicle collision","Going straight","Not a Pedestrian","Changing lane to the right",2
"1657","18-30","Male","Junior high school","Employee","2-5yr","One way","Y Shape","Asphalt roads","Darkness - lights lit","Normal","Vehicle with vehicle collision","Moving Backward","Not a Pedestrian","Changing lane to the right",2
"1658","18-30","Male","Elementary school","Employee","Below 1yr","Two-way (divided with broken lines road marking)","Y Shape","Asphalt roads","Daylight","Normal","Vehicle with vehicle collision","Going straight","Not a Pedestrian","Changing lane to the right",2
"1659","Over 51","Male","Junior high school","Employee","Below 1yr","other","Y Shape","Asphalt roads","Daylight","Normal","Vehicle with vehicle collision","Going straight","Not a Pedestrian","Changing lane to the right",2
"1660","18-30","Male","Junior high school","Employee","5-10yr","Undivided Two way","Crossing","Asphalt roads","Darkness - lights lit","Normal","Vehicle with vehicle collision","Going straight","Not a Pedestrian","Moving Backward",2
"1661","18-30","Male","Junior high school","Employee","5-10yr","Two-way (divided with broken lines road marking)","Crossing","Asphalt roads","Darkness - lights lit","Normal","Vehicle with vehicle collision","Going straight","Not a Pedestrian","No distancing",2
"1662","31-50","Male","Writing & reading","Employee","Below 1yr","Two-way (divided with broken lines road marking)","No junction","Asphalt roads","Daylight","Normal","Vehicle with vehicle collision","Going straight","Not a Pedestrian","Overspeed",2
"1663","31-50","Male","Junior high school","Employee","Below 1yr","Two-way (divided with broken lines road marking)","No junction","Asphalt roads","Daylight","Normal","Vehicle with vehicle collision","Unknown","Not a Pedestrian","No distancing",2
"1664","Under 18","Male","Junior high school","Employee","1-2yr","Two-way (divided with broken lines road marking)","Crossing","Asphalt roads","Daylight","Normal","Vehicle with vehicle collision","Going straight","Not a Pedestrian","Driving carelessly",2
"1665","18-30","Male","Elementary school","Employee","Above 10yr","Undivided Two way","Crossing","Asphalt roads","Daylight","Normal","Vehicle with vehicle collision","Unknown","Not a Pedestrian","No distancing",2
"1666","18-30","Male","Elementary school","Employee","Above 10yr","Two-way (divided with broken lines road marking)","No junction","Asphalt roads","Darkness - lights lit","Normal","Vehicle with vehicle collision","Going straight","Not a Pedestrian","No distancing",2
"1667","18-30","Female","Elementary school","Employee","Below 1yr","Two-way (divided with broken lines road marking)","No junction","Asphalt roads","Daylight","Normal","Collision with roadside objects","Moving Backward","Not a Pedestrian","No distancing",2
"1668","18-30","Male","High school","Employee","2-5yr","Two-way (divided with broken lines road marking)","No junction","Asphalt roads","Daylight","Normal","Vehicle with vehicle collision","Going straight","Not a Pedestrian","Changing lane to the right",2
"1669","Over 51","Male","Junior high school","Employee","2-5yr","Two-way (divided with broken lines road marking)","No junction","Asphalt roads","Daylight","Normal","Vehicle with vehicle collision","Going straight","Not a Pedestrian","No distancing",2
"1670","18-30","Male","Above high school","Employee","Above 10yr","Two-way (divided with broken lines road marking)","Y Shape","Asphalt roads","Daylight","Normal","Vehicle with vehicle collision","Moving Backward","Not a Pedestrian","No priority to vehicle",2
"1671","31-50","Male","Junior high school","Employee","2-5yr","Undivided Two way","Y Shape","Asphalt roads","Daylight","Normal","Vehicle with vehicle collision","Going straight","Not a Pedestrian","Changing lane to the left",2
"1672","18-30","Male","Junior high school","Employee","2-5yr","Two-way (divided with broken lines road marking)","Y Shape","Asphalt roads","Daylight","Normal","Collision with pedestrians","Turnover","Not a Pedestrian","Moving Backward",2
"1673","31-50","Male","High school","Employee","1-2yr","Undivided Two way","No junction","Asphalt roads","Daylight","Normal","Vehicle with vehicle collision","Going straight","Not a Pedestrian","Driving carelessly",2