"","Age_Categories","Sex_of_driver","Educational_level","Vehicle_driver_relation","Driving_experience","Lanes_or_Medians","Types_of_Junction","Road_surface_type","Light_conditions","Weather_conditions","Type_of_collision","Vehicle_movement","Pedestrian_movement","Cause_of_accident","Accident_severity"
"3637","31-50","Male","Junior high school","Owner","5-10yr","One way","No junction","Asphalt roads","Daylight","Normal","Vehicle with vehicle collision","Going straight","Not a Pedestrian","Driving carelessly",2
"3638","18-30","Male","Junior high school","Owner","Above 10yr","Undivided Two way","No junction","Asphalt roads","Daylight","Normal","Vehicle with vehicle collision","Going straight","Not a Pedestrian","Driving carelessly",2
"3639","18-30","Female","Junior high school","Owner","2-5yr","Two-way (divided with broken lines road marking)","Y Shape","Asphalt roads","Daylight","Normal","Vehicle with vehicle collision","Going straight","Not a Pedestrian","Changing lane to the right",2
"3640","31-50","Male","Elementary school","Owner","Above 10yr","Two-way (divided with broken lines road marking)","Y Shape","Asphalt roads","Daylight","Normal","Vehicle with vehicle collision","Going straight","Not a Pedestrian","Driving carelessly",2
"3641","18-30","Male","Writing & reading","Owner","5-10yr","Undivided Two way","Y Shape","Earth roads","Daylight","Normal","Vehicle with vehicle collision","Going straight","Not a Pedestrian","Changing lane to the left",2
"3642","Over 51","Male","Junior high school","Owner","5-10yr","Two-way (divided with broken lines road marking)","Y Shape","Asphalt roads","Darkness - lights lit","Normal","Vehicle with vehicle collision","Moving Backward","Not a Pedestrian","Driving carelessly",1
"3643","31-50","Male","Junior high school","Owner","5-10yr","Two-way (divided with broken lines road marking)","No junction","Unknown","Daylight","Normal","Vehicle with vehicle collision","Moving Backward","Not a Pedestrian","Driving carelessly",2
"3644","31-50","Male","Junior high school","Owner","Below 1yr","Undivided Two way","Crossing","Asphalt roads","Daylight","Normal","Vehicle with vehicle collision","Turnover","Not a Pedestrian","Driving under the influence of drugs",1
"3645","31-50","Male","Junior high school","Owner","2-5yr","Undivided Two way","Crossing","Asphalt roads","Daylight","Normal","Vehicle with vehicle collision","Other","Not a Pedestrian","Driving carelessly",1
"3646","18-30","Male","Elementary school","Employee","2-5yr","other","Crossing","Asphalt roads","Daylight","Normal","Vehicle with vehicle collision","Other","Not a Pedestrian","No distancing",2
"3647","18-30","Male","Junior high school","Employee","2-5yr","One way","Crossing","Asphalt roads","Daylight","Normal","Vehicle with vehicle collision","Going straight","Not a Pedestrian","Driving carelessly",2
"3648","31-50","Male","Junior high school","Employee","2-5yr","Two-way (divided with broken lines road marking)","Crossing","Asphalt roads","Darkness - lights lit","Normal","Vehicle with vehicle collision","Going straight","Not a Pedestrian","Driving to the left",2
"3649","31-50","Male","Junior high school","Employee","5-10yr","Two-way (divided with broken lines road marking)","Crossing","Asphalt roads","Darkness - lights lit","Normal","Vehicle with vehicle collision","Other","Not a Pedestrian","Overtaking",2
"3650","31-50","Male","Junior high school","Employee","5-10yr","Undivided Two way","Crossing","Asphalt roads","Darkness - lights lit","Normal","Collision with roadside objects","Other","Not a Pedestrian","No distancing",2
"3651","18-30","Male","Junior high school","Employee","Above 10yr","Two-way (divided with broken lines road marking)","Crossing","Asphalt roads","Darkness - lights lit","Normal","Vehicle with vehicle collision","Going straight","Not a Pedestrian","Driving carelessly",2
"3652","31-50","Male","Elementary school","Employee","5-10yr","Two-way (divided with broken lines road marking)","Unknown","Asphalt roads","Darkness - lights lit","Normal","Vehicle with vehicle collision","Reversing","Not a Pedestrian","No priority to vehicle",2
"3653","31-50","Male","Junior high school","Employee","5-10yr","One way","No junction","Gravel roads","Daylight","Raining","Vehicle with vehicle collision","Other","Not a Pedestrian","No priority to vehicle",2
"3654","18-30","Male","Junior high school","Employee","Above 10yr","Two-way (divided with broken lines road marking)","No junction","Asphalt roads","Daylight","Normal","Vehicle with vehicle collision","Turnover","Not a Pedestrian","No priority to vehicle",1
"3655","18-30","Male","Elementary school","Owner","5-10yr","One way","Other","Asphalt roads","Daylight","Normal","Collision with pedestrians","Going straight","Not a Pedestrian","No priority to vehicle",2
"3656","18-30","Male","Junior high school","Owner","5-10yr","Two-way (divided with broken lines road marking)","Other","Asphalt roads","Daylight","Normal","Vehicle with vehicle collision","Going straight","Not a Pedestrian","No distancing",2
"3657","31-50","Male","Junior high school","Employee","5-10yr","Two-way (divided with broken lines road marking)","Y Shape","Asphalt roads","Daylight","Normal","Vehicle with vehicle collision","Going straight","Not a Pedestrian","Moving Backward",2
"3658","31-50","Male","Junior high school","Employee","Below 1yr","Undivided Two way","Y Shape","Asphalt roads","Daylight","Normal","Vehicle with vehicle collision","Going straight","Not a Pedestrian","No distancing",2
"3659","Over 51","Male","Junior high school","Unknown","5-10yr","Two-way (divided with broken lines road marking)","No junction","Asphalt roads","Daylight","Normal","Vehicle with vehicle collision","Going straight","Crossing from nearside - masked by parked or statioNot a Pedestrianry vehicle","Changing lane to the left",2
"3660","Under 18","Male","Junior high school","Employee","5-10yr","Two-way (divided with broken lines road marking)","Y Shape","Asphalt roads","Daylight","Normal","Vehicle with vehicle collision","Going straight","Not a Pedestrian","Changing lane to the left",2
"3661","31-50","Male","Junior high school","Employee","5-10yr","Undivided Two way","Y Shape","Asphalt roads","Daylight","Normal","Vehicle with vehicle collision","Going straight","Not a Pedestrian","No priority to pedestrian",2
"3662","18-30","Male","Junior high school","Employee","Above 10yr","Two-way (divided with broken lines road marking)","Y Shape","Asphalt roads","Daylight","Normal","Vehicle with vehicle collision","Going straight","Not a Pedestrian","Moving Backward",2
"3663","Over 51","Male","High school","Employee","Above 10yr","Two-way (divided with broken lines road marking)","Y Shape","Asphalt roads","Daylight","Normal","Vehicle with vehicle collision","Going straight","Not a Pedestrian","Changing lane to the left",2
"3664","Over 51","Male","Junior high school","Employee","Above 10yr","other","Crossing","Asphalt roads","Daylight","Normal","Collision with pedestrians","Other","Not a Pedestrian","No distancing",1
"3665","31-50","Male","Junior high school","Employee","Above 10yr","Two-way (divided with broken lines road marking)","Y Shape","Asphalt roads","Daylight","Normal","Vehicle with vehicle collision","Going straight","Not a Pedestrian","No priority to vehicle",2
"3666","18-30","Male","Junior high school","Employee","Above 10yr","other","No junction","Asphalt roads","Darkness - no lighting","Unknown","Vehicle with vehicle collision","Going straight","Not a Pedestrian","Changing lane to the right",2
"3667","18-30","Male","Junior high school","Employee","Above 10yr","Undivided Two way","No junction","Asphalt roads","Darkness - no lighting","Unknown","Vehicle with vehicle collision","Moving Backward","Not a Pedestrian","No distancing",2
"3668","18-30","Female","Junior high school","Employee","5-10yr","Two-way (divided with broken lines road marking)","No junction","Asphalt roads","Daylight","Normal","Vehicle with vehicle collision","Going straight","Not a Pedestrian","No distancing",2
"3669","Under 18","Male","Junior high school","Employee","2-5yr","Two-way (divided with broken lines road marking)","Y Shape","Asphalt roads","Daylight","Raining","Collision with roadside objects","Moving Backward","Not a Pedestrian","Getting off the vehicle improperly",2
"3670","31-50","Male","Junior high school","Employee","Below 1yr","other","Y Shape","Asphalt roads","Daylight","Raining","Vehicle with vehicle collision","Other","Not a Pedestrian","No priority to pedestrian",2
"3671","18-30","Male","Junior high school","Employee","Below 1yr","other","No junction","Other","Darkness - lights lit","Normal","Vehicle with vehicle collision","Going straight","Not a Pedestrian","Changing lane to the left",2
"3672","18-30","Male","Junior high school","Employee","2-5yr","Two-way (divided with broken lines road marking)","No junction","Asphalt roads","Darkness - lights lit","Normal","Vehicle with vehicle collision","Reversing","Not a Pedestrian","No distancing",2
"3673","18-30","Male","Elementary school","Employee","Below 1yr","Undivided Two way","No junction","Asphalt roads","Daylight","Normal","Vehicle with vehicle collision","Going straight","Not a Pedestrian","Driving carelessly",2
"3674","18-30","Female","Junior high school","Employee","Below 1yr","Undivided Two way","T Shape","Asphalt roads","Daylight","Normal","Vehicle with vehicle collision","Other","Not a Pedestrian","No distancing",2
"3675","18-30","Male","Junior high school","Employee","5-10yr","Undivided Two way","T Shape","Asphalt roads","Daylight","Normal","Vehicle with vehicle collision","Other","Not a Pedestrian","Changing lane to the right",2
"3676","Over 51","Male","Junior high school","Employee","5-10yr","Undivided Two way","No junction","Asphalt roads","Daylight","Unknown","Vehicle with vehicle collision","Other","Not a Pedestrian","Overtaking",2
"3677","18-30","Male","Writing & reading","Employee","Below 1yr","Undivided Two way","No junction","Asphalt roads","Daylight","Normal","Collision with roadside objects","Stopping","Not a Pedestrian","Driving carelessly",2
"3678","18-30","Male","Junior high school","Employee","Below 1yr","Undivided Two way","No junction","Asphalt roads","Daylight","Normal","Vehicle with vehicle collision","Other","Not a Pedestrian","Moving Backward",1
"3679","31-50","Male","Junior high school","Employee","1-2yr","Two-way (divided with broken lines road marking)","Other","Other","Daylight","Unknown","Vehicle with vehicle collision","Other","Not a Pedestrian","No distancing",2
"3680","18-30","Male","Elementary school","Employee","Above 10yr","Two-way (divided with broken lines road marking)","Other","Asphalt roads","Daylight","Unknown","Vehicle with vehicle collision","Other","Not a Pedestrian","Overtaking",2
"3681","18-30","Male","Elementary school","Employee","Above 10yr","Undivided Two way","Other","Asphalt roads","Daylight","Unknown","Vehicle with vehicle collision","Going straight","Not a Pedestrian","Driving carelessly",2
"3682","18-30","Male","Elementary school","Employee","Below 1yr","Two-way (divided with broken lines road marking)","Other","Asphalt roads","Daylight","Unknown","Rollover","Going straight","Not a Pedestrian","Driving carelessly",2
"3683","18-30","Male","High school","Employee","2-5yr","Two-way (divided with broken lines road marking)","Crossing","Asphalt roads","Daylight","Normal","Vehicle with vehicle collision","Going straight","Not a Pedestrian","Moving Backward",2
"3684","Over 51","Male","Junior high school","Employee","2-5yr","One way","Crossing","Asphalt roads","Daylight","Normal","Vehicle with vehicle collision","Going straight","Not a Pedestrian","Driving carelessly",2
"3685","18-30","Male","Above high school","Employee","Above 10yr","Undivided Two way","No junction","Asphalt roads","Darkness - lights lit","Normal","Collision with roadside objects","Going straight","Not a Pedestrian","Driving to the left",2
"3686","18-30","Male","Junior high school","Employee","2-5yr","Undivided Two way","No junction","Asphalt roads","Darkness - lights lit","Normal","Vehicle with vehicle collision","Going straight","Not a Pedestrian","Changing lane to the left",2
"3687","18-30","Male","Junior high school","Employee","2-5yr","Two-way (divided with broken lines road marking)","No junction","Asphalt roads","Daylight","Normal","Vehicle with vehicle collision","Going straight","Not a Pedestrian","No distancing",2
"3688","31-50","Male","High school","Employee","1-2yr","One way","No junction","Unknown","Daylight","Normal","Vehicle with vehicle collision","Going straight","Not a Pedestrian","No distancing",2
"3689","31-50","Male","Junior high school","Employee","5-10yr","Undivided Two way","Y Shape","Other","Daylight","Normal","Collision with roadside objects","Going straight","Not a Pedestrian","Changing lane to the right",1
"3690","Under 18","Male","Junior high school","Employee","Below 1yr","One way","Y Shape","Asphalt roads","Daylight","Normal","Collision with roadside objects","Going straight","Not a Pedestrian","Driving under the influence of drugs",1
"3691","Over 51","Male","Junior high school","Employee","Below 1yr","Two-way (divided with broken lines road marking)","No junction","Asphalt roads","Darkness - lights unlit","Normal","Vehicle with vehicle collision","Going straight","Not a Pedestrian","Changing lane to the right",1
"3692","31-50","Male","Elementary school","Employee","5-10yr","Two-way (divided with broken lines road marking)","No junction","Asphalt roads","Darkness - lights unlit","Normal","Vehicle with vehicle collision","Reversing","Not a Pedestrian","Changing lane to the left",1
"3693","31-50","Male","Junior high school","Employee","Below 1yr","Undivided Two way","Crossing","Asphalt roads","Daylight","Normal","Collision with roadside objects","Going straight","Not a Pedestrian","Moving Backward",2
"3694","31-50","Male","Junior high school","Employee","1-2yr","Two-way (divided with solid lines road marking)","Crossing","Asphalt roads with some distress","Daylight","Normal","Collision with roadside objects","Other","Not a Pedestrian","No distancing",2
"3695","31-50","Male","Elementary school","Employee","2-5yr","Undivided Two way","Crossing","Unknown","Daylight","Normal","Vehicle with vehicle collision","Unknown","Not a Pedestrian","Changing lane to the right",2
"3696","31-50","Male","High school","Employee","1-2yr","One way","Crossing","Asphalt roads","Daylight","Normal","Vehicle with vehicle collision","Getting off","Not a Pedestrian","Moving Backward",2
"3697","31-50","Male","Junior high school","Employee","5-10yr","Two-way (divided with broken lines road marking)","Crossing","Asphalt roads","Daylight","Normal","Vehicle with vehicle collision","Going straight","Not a Pedestrian","No distancing",2
"3698","18-30","Male","Junior high school","Employee","Below 1yr","Undivided Two way","Crossing","Asphalt roads","Daylight","Normal","Collision with roadside objects","Going straight","Not a Pedestrian","Driving to the left",2
"3699","18-30","Male","High school","Employee","Above 10yr","Two-way (divided with broken lines road marking)","Crossing","Asphalt roads","Daylight","Normal","Vehicle with vehicle collision","Going straight","Not a Pedestrian","Driving to the left",2
"3700","18-30","Male","Elementary school","Owner","5-10yr","One way","Crossing","Earth roads","Daylight","Normal","Vehicle with vehicle collision","Going straight","Not a Pedestrian","Moving Backward",2
"3701","18-30","Female","Elementary school","Employee","Below 1yr","Undivided Two way","Unknown","Asphalt roads","Daylight","Normal","Vehicle with vehicle collision","Turnover","Not a Pedestrian","Moving Backward",2
"3702","18-30","Male","Junior high school","Employee","5-10yr","One way","Unknown","Asphalt roads","Daylight","Normal","Rollover","Entering a junction","Not a Pedestrian","Overtaking",2
"3703","31-50","Male","Elementary school","Owner","5-10yr","Undivided Two way","Unknown","Asphalt roads","Daylight","Raining","Vehicle with vehicle collision","Entering a junction","Not a Pedestrian","Driving carelessly",2
"3704","18-30","Unknown","Junior high school","Employee","2-5yr","Undivided Two way","No junction","Asphalt roads","Daylight","Normal","Vehicle with vehicle collision","Entering a junction","Not a Pedestrian","Changing lane to the left",2
"3705","18-30","Male","Junior high school","Employee","Above 10yr","Undivided Two way","No junction","Asphalt roads","Darkness - lights lit","Normal","Collision with pedestrians","Entering a junction","Not a Pedestrian","Driving under the influence of drugs",0
"3706","31-50","Male","Junior high school","Employee","5-10yr","Two-way (divided with broken lines road marking)","Other","Asphalt roads","Darkness - lights lit","Normal","Vehicle with vehicle collision","Other","Not a Pedestrian","No distancing",2
"3707","18-30","Male","High school","Employee","1-2yr","Undivided Two way","Other","Asphalt roads","Darkness - lights lit","Normal","Vehicle with vehicle collision","Entering a junction","Not a Pedestrian","Moving Backward",2
"3708","31-50","Male","Elementary school","Employee","5-10yr","Two-way (divided with broken lines road marking)","No junction","Asphalt roads","Daylight","Other","Vehicle with vehicle collision","Turnover","Not a Pedestrian","Changing lane to the left",2
"3709","18-30","Female","Elementary school","Employee","2-5yr","Undivided Two way","Y Shape","Asphalt roads","Daylight","Normal","Vehicle with vehicle collision","Entering a junction","Not a Pedestrian","Changing lane to the right",1
"3710","31-50","Male","Junior high school","Employee","Below 1yr","Two-way (divided with broken lines road marking)","Y Shape","Asphalt roads","Daylight","Normal","Collision with roadside objects","Entering a junction","Not a Pedestrian","No distancing",1
"3711","18-30","Male","Junior high school","Employee","Below 1yr","Two-way (divided with broken lines road marking)","Crossing","Asphalt roads","Daylight","Normal","Vehicle with vehicle collision","Entering a junction","Not a Pedestrian","Driving at high speed",2
"3712","Over 51","Male","Junior high school","Employee","5-10yr","Two-way (divided with broken lines road marking)","Crossing","Gravel roads","Daylight","Normal","Vehicle with vehicle collision","Entering a junction","Not a Pedestrian","Changing lane to the right",2
"3713","Over 51","Male","Junior high school","Owner","5-10yr","Undivided Two way","No junction","Asphalt roads","Daylight","Normal","Vehicle with vehicle collision","Entering a junction","Not a Pedestrian","No priority to vehicle",1
"3714","18-30","Male","Elementary school","Employee","1-2yr","Undivided Two way","No junction","Asphalt roads","Daylight","Normal","Vehicle with vehicle collision","Other","Not a Pedestrian","No distancing",1
"3715","31-50","Male","Junior high school","Employee","5-10yr","Undivided Two way","No junction","Asphalt roads","Daylight","Normal","Collision with roadside objects","Going straight","Not a Pedestrian","Turnover",2
"3716","31-50","Male","Elementary school","Employee","Above 10yr","other","No junction","Asphalt roads","Daylight","Normal","Vehicle with vehicle collision","Going straight","Not a Pedestrian","No distancing",2
"3717","31-50","Male","Junior high school","Owner","1-2yr","Undivided Two way","No junction","Asphalt roads","Daylight","Normal","Collision with roadside objects","Other","Not a Pedestrian","Changing lane to the right",2
"3718","31-50","Male","Junior high school","Unknown","5-10yr","Two-way (divided with solid lines road marking)","Y Shape","Asphalt roads","Darkness - lights lit","Normal","Vehicle with vehicle collision","Going straight","Not a Pedestrian","No distancing",2
"3719","18-30","Male","Junior high school","Employee","Above 10yr","Two-way (divided with solid lines road marking)","Y Shape","Asphalt roads","Darkness - lights lit","Normal","Rollover","Going straight","Not a Pedestrian","Changing lane to the left",2
"3720","Over 51","Male","Elementary school","Owner","2-5yr","Two-way (divided with solid lines road marking)","Y Shape","Asphalt roads","Darkness - lights lit","Normal","Vehicle with vehicle collision","Going straight","Not a Pedestrian","Driving carelessly",2
"3721","Over 51","Male","Junior high school","Employee","5-10yr","Two-way (divided with solid lines road marking)","No junction","Asphalt roads","Daylight","Normal","Vehicle with vehicle collision","Going straight","Not a Pedestrian","Changing lane to the right",2
"3722","18-30","Male","Junior high school","Employee","Below 1yr","Two-way (divided with broken lines road marking)","No junction","Asphalt roads","Daylight","Normal","Vehicle with vehicle collision","Going straight","Not a Pedestrian","No priority to vehicle",2
"3723","31-50","Male","Junior high school","Employee","5-10yr","Undivided Two way","No junction","Asphalt roads","Daylight","Normal","Vehicle with vehicle collision","Reversing","Not a Pedestrian","No distancing",2
"3724","31-50","Male","High school","Employee","Above 10yr","Undivided Two way","Y Shape","Asphalt roads","Daylight","Normal","Vehicle with vehicle collision","Moving Backward","Not a Pedestrian","No priority to pedestrian",2
"3725","18-30","Male","Junior high school","Employee","5-10yr","other","Unknown","Asphalt roads","Daylight","Raining","Collision with pedestrians","Overtaking","Not a Pedestrian","No priority to pedestrian",2
"3726","18-30","Male","Elementary school","Employee","1-2yr","Undivided Two way","Unknown","Asphalt roads","Daylight","Raining","Rollover","Going straight","Not a Pedestrian","No priority to vehicle",2
"3727","31-50","Male","Junior high school","Employee","5-10yr","Two-way (divided with broken lines road marking)","Crossing","Asphalt roads","Daylight","Raining","Vehicle with vehicle collision","Going straight","Not a Pedestrian","Changing lane to the left",2
"3728","31-50","Male","Elementary school","Employee","1-2yr","Undivided Two way","Crossing","Asphalt roads","Daylight","Raining","Rollover","Going straight","Not a Pedestrian","Changing lane to the left",2
"3729","31-50","Male","Junior high school","Owner","1-2yr","Undivided Two way","Crossing","Asphalt roads","Daylight","Raining","Vehicle with vehicle collision","Reversing","Not a Pedestrian","No distancing",2
"3730","18-30","Male","Above high school","Owner","1-2yr","One way","No junction","Asphalt roads","Darkness - lights lit","Normal","Vehicle with vehicle collision","Going straight","Not a Pedestrian","No priority to vehicle",2
"3731","18-30","Female","Junior high school","Owner","5-10yr","Two-way (divided with broken lines road marking)","No junction","Asphalt roads","Darkness - lights lit","Normal","Vehicle with vehicle collision","Going straight","Not a Pedestrian","No distancing",2
"3732","18-30","Female","Junior high school","Employee","5-10yr","Undivided Two way","Y Shape","Asphalt roads","Daylight","Normal","Fall from vehicles","Other","Not a Pedestrian","No distancing",1
"3733","Over 51","Male","Elementary school","Employee","5-10yr","Two-way (divided with broken lines road marking)","Y Shape","Asphalt roads","Daylight","Normal","Vehicle with vehicle collision","Entering a junction","Not a Pedestrian","Changing lane to the right",2
"3734","18-30","Male","High school","Owner","Below 1yr","other","Y Shape","Other","Daylight","Normal","Collision with roadside objects","Turnover","Not a Pedestrian","Changing lane to the left",2
"3735","18-30","Male","Junior high school","Employee","Above 10yr","Undivided Two way","No junction","Unknown","Daylight","Normal","Vehicle with vehicle collision","Going straight","Not a Pedestrian","No distancing",2
"3736","18-30","Male","Junior high school","Employee","5-10yr","One way","No junction","Asphalt roads","Daylight","Normal","Vehicle with vehicle collision","Going straight","Not a Pedestrian","Overturning",2
"3737","18-30","Male","Junior high school","Employee","Below 1yr","Undivided Two way","Crossing","Asphalt roads","Darkness - lights lit","Normal","Vehicle with vehicle collision","Going straight","Not a Pedestrian","No priority to vehicle",2
"3738","18-30","Male","Junior high school","Employee","Above 10yr","Undivided Two way","Crossing","Asphalt roads","Darkness - lights lit","Normal","Collision with pedestrians","Going straight","Not a Pedestrian","Moving Backward",2
"3739","31-50","Male","Junior high school","Employee","5-10yr","One way","No junction","Asphalt roads","Daylight","Normal","Vehicle with vehicle collision","Going straight","Not a Pedestrian","Driving under the influence of drugs",2
"3740","31-50","Male","Junior high school","Owner","Above 10yr","Undivided Two way","No junction","Asphalt roads","Daylight","Normal","Vehicle with vehicle collision","Going straight","Not a Pedestrian","Moving Backward",2
"3741","31-50","Male","Junior high school","Employee","5-10yr","Two-way (divided with broken lines road marking)","Other","Asphalt roads","Daylight","Raining","Vehicle with vehicle collision","Going straight","Not a Pedestrian","Changing lane to the right",2
"3742","18-30","Male","Junior high school","Employee","1-2yr","Two-way (divided with broken lines road marking)","Other","Asphalt roads","Daylight","Raining","Rollover","Going straight","Not a Pedestrian","Overspeed",2
"3743","18-30","Male","Junior high school","Employee","1-2yr","other","Other","Asphalt roads","Daylight","Normal","Collision with roadside objects","Getting off","Not a Pedestrian","Driving under the influence of drugs",1
"3744","18-30","Male","Junior high school","Employee","1-2yr","Double carriageway (median)","Other","Asphalt roads","Daylight","Normal","Vehicle with vehicle collision","Getting off","Not a Pedestrian","Driving carelessly",1
"3745","18-30","Male","High school","Employee","2-5yr","Two-way (divided with broken lines road marking)","Y Shape","Asphalt roads","Daylight","Normal","Vehicle with vehicle collision","Getting off","Not a Pedestrian","No distancing",2
"3746","18-30","Male","High school","Owner","Above 10yr","Double carriageway (median)","Y Shape","Asphalt roads","Daylight","Normal","Collision with roadside objects","Moving Backward","Crossing from nearside - masked by parked or statioNot a Pedestrianry vehicle","No priority to vehicle",2
"3747","Over 51","Male","Elementary school","Employee","2-5yr","Double carriageway (median)","Crossing","Asphalt roads","Daylight","Normal","Vehicle with vehicle collision","Going straight","Not a Pedestrian","Overspeed",1
"3748","Over 51","Male","Junior high school","Employee","Above 10yr","Double carriageway (median)","Y Shape","Other","Daylight","Raining","Vehicle with vehicle collision","Going straight","Not a Pedestrian","Driving under the influence of drugs",2
"3749","Over 51","Male","High school","Employee","2-5yr","Two-way (divided with broken lines road marking)","Y Shape","Asphalt roads","Daylight","Raining","Vehicle with vehicle collision","Waiting to go","Not a Pedestrian","Changing lane to the right",2
"3750","18-30","Male","Junior high school","Other","No Licence","Two-way (divided with broken lines road marking)","Crossing","Asphalt roads","Darkness - lights unlit","Normal","Rollover","Going straight","Not a Pedestrian","Changing lane to the right",2
"3751","Over 51","Male","Junior high school","Employee","1-2yr","One way","Crossing","Asphalt roads","Darkness - lights unlit","Normal","Rollover","Other","Not a Pedestrian","Changing lane to the right",2
"3752","18-30","Male","Junior high school","Owner","5-10yr","Undivided Two way","Y Shape","Asphalt roads","Daylight","Normal","Collision with pedestrians","Going straight","Not a Pedestrian","Changing lane to the right",2
"3753","18-30","Male","Junior high school","Employee","1-2yr","Two-way (divided with broken lines road marking)","Crossing","Asphalt roads","Daylight","Raining","Vehicle with vehicle collision","Going straight","Not a Pedestrian","Moving Backward",2
"3754","Under 18","Male","Junior high school","Employee","Above 10yr","Two-way (divided with broken lines road marking)","Y Shape","Asphalt roads","Daylight","Normal","Vehicle with vehicle collision","Going straight","Not a Pedestrian","No distancing",1
"3755","Under 18","Male","Junior high school","Employee","1-2yr","Two-way (divided with broken lines road marking)","Y Shape","Asphalt roads","Daylight","Normal","Vehicle with vehicle collision","Going straight","Not a Pedestrian","Overspeed",1
"3756","31-50","Male","Junior high school","Employee","1-2yr","Two-way (divided with broken lines road marking)","Unknown","Asphalt roads","Darkness - lights lit","Normal","Collision with pedestrians","Overtaking","Not a Pedestrian","No distancing",2
"3757","31-50","Male","Junior high school","Employee","2-5yr","Two-way (divided with broken lines road marking)","Unknown","Asphalt roads","Daylight","Normal","Collision with pedestrians","Going straight"," or other","Driving carelessly",2
"3758","Under 18","Male","High school","Employee","1-2yr","Undivided Two way","Y Shape","Other","Darkness - lights lit","Raining","Vehicle with vehicle collision","Going straight","Not a Pedestrian","No distancing",2
"3759","18-30","Male","Junior high school","Employee","1-2yr","Undivided Two way","Y Shape","Asphalt roads","Darkness - lights lit","Raining","Vehicle with vehicle collision","Going straight","Not a Pedestrian","No distancing",2
"3760","18-30","Male","Elementary school","Employee","Above 10yr","Two-way (divided with broken lines road marking)","No junction","Asphalt roads","Darkness - lights lit","Normal","Vehicle with vehicle collision","Turnover","Not a Pedestrian","No distancing",2
"3761","18-30","Male","Junior high school","Employee","Above 10yr","Two-way (divided with broken lines road marking)","No junction","Unknown","Darkness - lights lit","Normal","Collision with roadside objects","Going straight","Not a Pedestrian","Changing lane to the right",2
"3762","18-30","Male","Elementary school","Employee","Above 10yr","Two-way (divided with broken lines road marking)","No junction","Asphalt roads","Darkness - lights lit","Normal","Vehicle with vehicle collision","Going straight","Not a Pedestrian","No distancing",2
"3763","31-50","Male","Junior high school","Employee","Above 10yr","Undivided Two way","No junction","Asphalt roads","Darkness - lights lit","Raining","Collision with roadside objects","Getting off","Not a Pedestrian","No priority to vehicle",2
"3764","18-30","Female","Junior high school","Employee","1-2yr","Double carriageway (median)","No junction","Asphalt roads","Darkness - lights lit","Raining","Vehicle with vehicle collision","Moving Backward","Not a Pedestrian","Changing lane to the left",2
"3765","Over 51","Male","Junior high school","Employee","5-10yr","Two-way (divided with broken lines road marking)","No junction","Earth roads","Daylight","Normal","Vehicle with vehicle collision","Getting off","Not a Pedestrian","Moving Backward",2
"3766","18-30","Male","High school","Owner","2-5yr","Undivided Two way","No junction","Asphalt roads","Daylight","Normal","Collision with roadside objects","Overtaking","Not a Pedestrian","Driving carelessly",2
"3767","18-30","Male","Junior high school","Employee","2-5yr","other","Y Shape","Asphalt roads","Daylight","Raining","Vehicle with vehicle collision","Going straight","Not a Pedestrian","Changing lane to the left",2
"3768","31-50","Unknown","Junior high school","Employee","5-10yr","Undivided Two way","Y Shape","Asphalt roads","Daylight","Raining","Vehicle with vehicle collision","Going straight","Not a Pedestrian","No priority to pedestrian",2
"3769","31-50","Male","Junior high school","Employee","5-10yr","Undivided Two way","Y Shape","Asphalt roads","Daylight","Normal","Collision with roadside objects","Going straight","Not a Pedestrian","No distancing",2
"3770","Over 51","Male","Junior high school","Employee","2-5yr","Undivided Two way","Y Shape","Asphalt roads","Daylight","Normal","Collision with roadside objects","Reversing","Not a Pedestrian","No distancing",2
"3771","31-50","Male","High school","Employee","Above 10yr","One way","Y Shape","Asphalt roads","Daylight","Normal","Vehicle with vehicle collision","Getting off","Not a Pedestrian","Overturning",2
"3772","18-30","Male","Elementary school","Employee","5-10yr","Undivided Two way","Crossing","Asphalt roads","Darkness - lights lit","Normal","Vehicle with vehicle collision","Going straight","Not a Pedestrian","No distancing",2
"3773","Over 51","Male","Junior high school","Employee","Above 10yr","Undivided Two way","Crossing","Asphalt roads","Darkness - lights lit","Normal","Vehicle with vehicle collision","Going straight","Not a Pedestrian","Drunk driving",2
"3774","18-30","Male","Writing & reading","Employee","2-5yr","Double carriageway (median)","Y Shape","Asphalt roads","Darkness - lights lit","Normal","Vehicle with vehicle collision","Going straight","Not a Pedestrian","Moving Backward",1
"3775","18-30","Male","Junior high school","Employee","2-5yr","Two-way (divided with solid lines road marking)","Y Shape","Asphalt roads","Darkness - lights lit","Normal","Vehicle with vehicle collision","Reversing","Not a Pedestrian","No priority to pedestrian",1
"3776","18-30","Female","High school","Employee","2-5yr","other","No junction","Asphalt roads","Darkness - lights lit","Other","Vehicle with vehicle collision","Going straight","Not a Pedestrian","Changing lane to the left",2
"3777","Under 18","Male","Junior high school","Employee","1-2yr","Undivided Two way","No junction","Asphalt roads","Darkness - lights lit","Other","Vehicle with vehicle collision","Stopping","Not a Pedestrian","Changing lane to the left",2