"","Age_Categories","Sex_of_driver","Educational_level","Vehicle_driver_relation","Driving_experience","Lanes_or_Medians","Types_of_Junction","Road_surface_type","Light_conditions","Weather_conditions","Type_of_collision","Vehicle_movement","Pedestrian_movement","Cause_of_accident","Accident_severity"
"8690","18-30","Male","Junior high school","Employee","2-5yr","Two-way (divided with broken lines road marking)","Y Shape","Asphalt roads","Daylight","Normal","Vehicle with vehicle collision","Going straight","Not a Pedestrian","Changing lane to the right",2
"8691","18-30","Male","Elementary school","Employee","5-10yr","other","Y Shape","Asphalt roads","Daylight","Normal","Vehicle with vehicle collision","Reversing","Not a Pedestrian","Changing lane to the left",1
"8692","18-30","Male","Junior high school","Employee","2-5yr","Two-way (divided with broken lines road marking)","Y Shape","Asphalt roads","Daylight","Normal","Vehicle with vehicle collision","Turnover","Not a Pedestrian","Moving Backward",1
"8693","31-50","Male","Junior high school","Employee","Below 1yr","Two-way (divided with broken lines road marking)","Y Shape","Earth roads","Daylight","Normal","Vehicle with vehicle collision","Going straight","Not a Pedestrian","No distancing",2
"8694","Under 18","Male","Elementary school","Employee","2-5yr","Two-way (divided with broken lines road marking)","Y Shape","Asphalt roads","Daylight","Raining","Vehicle with vehicle collision","Going straight","Not a Pedestrian","Changing lane to the right",1
"8695","Over 51","Male","Junior high school","Employee","2-5yr","Undivided Two way","Y Shape","Asphalt roads","Daylight","Raining","Collision with roadside objects","Going straight","Not a Pedestrian","Moving Backward",1
"8696","Over 51","Male","Junior high school","Employee","2-5yr","Two-way (divided with broken lines road marking)","No junction","Asphalt roads","Daylight","Normal","Collision with roadside objects","Going straight","Not a Pedestrian","No distancing",1
"8697","18-30","Female","Junior high school","Employee","5-10yr","Two-way (divided with broken lines road marking)","No junction","Asphalt roads","Daylight","Normal","Vehicle with vehicle collision","Getting off","Not a Pedestrian","Driving to the left",1
"8698","Under 18","Male","Junior high school","Employee","5-10yr","Undivided Two way","Crossing","Asphalt roads","Darkness - lights lit","Raining","Vehicle with vehicle collision","Going straight","Not a Pedestrian","Driving to the left",2
"8699","31-50","Male","Junior high school","Employee","5-10yr","Undivided Two way","Crossing","Asphalt roads","Darkness - lights lit","Raining","Vehicle with vehicle collision","Going straight","Not a Pedestrian","Moving Backward",2
"8700","18-30","Male","Junior high school","Owner","5-10yr","Two-way (divided with broken lines road marking)","No junction","Asphalt roads","Daylight","Normal","Vehicle with vehicle collision","Going straight","Not a Pedestrian","Moving Backward",2
"8701","Over 51","Male","Junior high school","Employee","2-5yr","Two-way (divided with broken lines road marking)","No junction","Asphalt roads","Daylight","Normal","Vehicle with vehicle collision","Going straight","Not a Pedestrian","Overtaking",2
"8702","31-50","Male","Junior high school","Employee","Below 1yr","Two-way (divided with broken lines road marking)","No junction","Asphalt roads","Daylight","Normal","Vehicle with vehicle collision","Going straight","Not a Pedestrian","Driving carelessly",2
"8703","18-30","Male","Junior high school","Employee","1-2yr","other","Y Shape","Asphalt roads","Darkness - lights lit","Unknown","Vehicle with vehicle collision","Going straight","Not a Pedestrian","Changing lane to the left",2
"8704","18-30","Female","Junior high school","Employee","Below 1yr","other","Y Shape","Asphalt roads","Darkness - lights lit","Unknown","Vehicle with vehicle collision","Going straight","Not a Pedestrian","Driving under the influence of drugs",2
"8705","18-30","Male","Junior high school","Employee","Above 10yr","Two-way (divided with broken lines road marking)","Y Shape","Asphalt roads","Daylight","Normal","Vehicle with vehicle collision","Going straight","Not a Pedestrian","No distancing",1
"8706","Over 51","Male","Junior high school","Employee","Below 1yr","other","Y Shape","Asphalt roads","Daylight","Normal","Vehicle with vehicle collision","Going straight","Not a Pedestrian","Moving Backward",1
"8707","18-30","Male","Junior high school","Employee","2-5yr","Undivided Two way","Y Shape","Asphalt roads","Daylight","Normal","Other","Going straight","Not a Pedestrian","Changing lane to the left",2
"8708","18-30","Male","Junior high school","Employee","1-2yr","One way","Y Shape","Asphalt roads","Daylight","Normal","Vehicle with vehicle collision","Reversing","Not a Pedestrian","Changing lane to the right",2
"8709","31-50","Male","Elementary school","Employee","5-10yr","Two-way (divided with broken lines road marking)","Unknown","Earth roads","Darkness - lights lit","Raining","Collision with roadside objects","Going straight","Not a Pedestrian","No distancing",1
"8710","31-50","Male","Junior high school","Owner","Below 1yr","Undivided Two way","No junction","Asphalt roads","Daylight","Normal","Vehicle with vehicle collision","Turnover","Not a Pedestrian","Driving at high speed",1
"8711","18-30","Male","Junior high school","Employee","Below 1yr","Two-way (divided with broken lines road marking)","Crossing","Unknown","Daylight","Normal","Vehicle with vehicle collision","Going straight","Not a Pedestrian","Changing lane to the right",2
"8712","31-50","Male","Writing & reading","Employee","Below 1yr","Double carriageway (median)","Y Shape","Asphalt roads","Daylight","Normal","Vehicle with vehicle collision","Going straight","Not a Pedestrian","No priority to vehicle",2
"8713","31-50","Male","Junior high school","Employee","1-2yr","Two-way (divided with broken lines road marking)","Y Shape","Asphalt roads","Daylight","Normal","Vehicle with vehicle collision","Going straight","Not a Pedestrian","No distancing",2
"8714","31-50","Male","Elementary school","Owner","5-10yr","Undivided Two way","No junction","Asphalt roads","Daylight","Normal","Vehicle with vehicle collision","Going straight","Not a Pedestrian","Turnover",2
"8715","18-30","Male","Junior high school","Employee","2-5yr","Undivided Two way","No junction","Asphalt roads","Daylight","Normal","Vehicle with vehicle collision","Reversing","Not a Pedestrian","No distancing",2
"8716","18-30","Female","Junior high school","Owner","Below 1yr","Undivided Two way","Y Shape","Asphalt roads","Darkness - lights lit","Normal","Collision with roadside objects","Going straight","Not a Pedestrian","Changing lane to the right",2
"8717","18-30","Male","Writing & reading","Employee","5-10yr","Two-way (divided with broken lines road marking)","Y Shape","Asphalt roads","Darkness - lights lit","Normal","Collision with roadside objects","Turnover","Not a Pedestrian","No distancing",2
"8718","31-50","Male","Writing & reading","Employee","5-10yr","Undivided Two way","No junction","Asphalt roads","Daylight","Normal","Vehicle with vehicle collision","Going straight","Not a Pedestrian","Changing lane to the left",2
"8719","31-50","Male","Junior high school","Employee","5-10yr","Undivided Two way","No junction","Asphalt roads","Daylight","Normal","Collision with roadside objects","Going straight"," or other","Driving carelessly",2
"8720","18-30","Male","Junior high school","Employee","2-5yr","Undivided Two way","Y Shape","Asphalt roads","Daylight","Normal","Collision with roadside objects","Going straight"," or other","Changing lane to the right",1
"8721","Over 51","Male","Junior high school","Employee","Above 10yr","One way","Y Shape","Gravel roads","Daylight","Normal","Vehicle with vehicle collision","Going straight","Not a Pedestrian","No priority to vehicle",1
"8722","31-50","Male","Junior high school","Employee","5-10yr","Undivided Two way","Y Shape","Asphalt roads","Daylight","Normal","Vehicle with vehicle collision","Going straight","Not a Pedestrian","No distancing",2
"8723","18-30","Male","Junior high school","Employee","Above 10yr","other","Y Shape","Asphalt roads","Daylight","Normal","Collision with roadside objects","Getting off","Not a Pedestrian","No priority to pedestrian",2
"8724","Over 51","Male","Junior high school","Employee","2-5yr","other","Y Shape","Asphalt roads","Daylight","Normal","Vehicle with vehicle collision","Moving Backward","Not a Pedestrian","No priority to pedestrian",2
"8725","31-50","Male","Junior high school","Employee","Below 1yr","Two-way (divided with broken lines road marking)","Y Shape","Asphalt roads","Daylight","Normal","Vehicle with vehicle collision","Going straight","Not a Pedestrian","No priority to vehicle",2
"8726","31-50","Male","Junior high school","Employee","Below 1yr","One way","Crossing","Asphalt roads","Daylight","Normal","Vehicle with vehicle collision","Turnover","Not a Pedestrian","Changing lane to the left",2
"8727","Over 51","Male","Junior high school","Owner","5-10yr","Two-way (divided with broken lines road marking)","Y Shape","Asphalt roads","Daylight","Raining","Vehicle with vehicle collision","Going straight","Not a Pedestrian","Changing lane to the left",2
"8728","18-30","Male","Junior high school","Employee","2-5yr","Two-way (divided with broken lines road marking)","No junction","Asphalt roads","Darkness - lights lit","Normal","Vehicle with vehicle collision","Unknown","Not a Pedestrian","No distancing",1
"8729","18-30","Male","Elementary school","Employee","Below 1yr","Two-way (divided with broken lines road marking)","No junction","Asphalt roads","Darkness - lights lit","Normal","Vehicle with vehicle collision","Going straight","Not a Pedestrian","No priority to vehicle",1
"8730","Over 51","Male","Junior high school","Employee","2-5yr","Two-way (divided with broken lines road marking)","No junction","Asphalt roads","Daylight","Normal","Collision with pedestrians","Going straight","Not a Pedestrian","No distancing",2
"8731","Over 51","Male","Junior high school","Employee","5-10yr","Two-way (divided with broken lines road marking)","No junction","Asphalt roads","Daylight","Normal","Vehicle with vehicle collision","Going straight","Not a Pedestrian","No distancing",2
"8732","31-50","Male","High school","Employee","Above 10yr","Two-way (divided with broken lines road marking)","No junction","Asphalt roads","Daylight","Normal","Collision with roadside objects","Going straight","Not a Pedestrian","Changing lane to the right",2
"8733","31-50","Male","High school","Employee","Above 10yr","Undivided Two way","No junction","Asphalt roads","Daylight","Normal","Vehicle with vehicle collision","Turnover","Not a Pedestrian","Changing lane to the left",2
"8734","31-50","Male","Junior high school","Employee","5-10yr","Two-way (divided with broken lines road marking)","No junction","Asphalt roads","Daylight","Normal","Vehicle with vehicle collision","Turnover","Not a Pedestrian","No distancing",2
"8735","18-30","Male","Elementary school","Employee","1-2yr","Two-way (divided with broken lines road marking)","No junction","Asphalt roads","Daylight","Normal","Vehicle with vehicle collision","Going straight","Not a Pedestrian","Overturning",1
"8736","18-30","Male","Elementary school","Employee","5-10yr","Two-way (divided with broken lines road marking)","Y Shape","Asphalt roads","Darkness - lights lit","Normal","Vehicle with vehicle collision","Getting off","Not a Pedestrian","No priority to vehicle",2
"8737","Over 51","Male","Junior high school","Employee","5-10yr","Two-way (divided with broken lines road marking)","Y Shape","Asphalt roads","Darkness - lights lit","Normal","Vehicle with vehicle collision","Getting off","Not a Pedestrian","Moving Backward",2
"8738","18-30","Female","Junior high school","Employee","1-2yr","Double carriageway (median)","O Shape","Asphalt roads","Darkness - lights lit","Normal","Vehicle with vehicle collision","Going straight","Not a Pedestrian","Driving under the influence of drugs",2
"8739","31-50","Male","Junior high school","Owner","5-10yr","Undivided Two way","O Shape","Other","Darkness - lights lit","Normal","Vehicle with vehicle collision","Overtaking","Not a Pedestrian","Moving Backward",2
"8740","31-50","Male","High school","Owner","Above 10yr","Double carriageway (median)","O Shape","Asphalt roads","Darkness - lights lit","Normal","Vehicle with vehicle collision","Reversing","Not a Pedestrian","Changing lane to the right",2
"8741","31-50","Male","Junior high school","Owner","Below 1yr","Two-way (divided with broken lines road marking)","O Shape","Asphalt roads","Darkness - lights lit","Normal","Vehicle with vehicle collision","Going straight","Not a Pedestrian","Overspeed",2
"8742","18-30","Female","Writing & reading","Owner","5-10yr","Undivided Two way","No junction","Asphalt roads","Daylight","Normal","Collision with roadside objects","Getting off","Not a Pedestrian","Driving under the influence of drugs",1
"8743","18-30","Male","Above high school","Employee","Above 10yr","Two-way (divided with broken lines road marking)","No junction","Asphalt roads","Daylight","Normal","Vehicle with vehicle collision","Getting off","Not a Pedestrian","Driving carelessly",1
"8744","18-30","Male","High school","Employee","Below 1yr","Undivided Two way","No junction","Asphalt roads","Daylight","Normal","Collision with roadside objects","Reversing","Not a Pedestrian","No distancing",1
"8745","31-50","Male","Junior high school","Employee","1-2yr","other","Y Shape","Asphalt roads","Daylight","Raining","Vehicle with vehicle collision","Turnover","Not a Pedestrian","No priority to vehicle",2
"8746","18-30","Male","Junior high school","Employee","Above 10yr","One way","Crossing","Asphalt roads","Daylight","Normal","Vehicle with vehicle collision","Moving Backward","Not a Pedestrian","Overspeed",2
"8747","31-50","Male","Junior high school","Owner","Above 10yr","Two-way (divided with broken lines road marking)","Crossing","Other","Daylight","Normal","Unknown","Going straight","Not a Pedestrian","Driving under the influence of drugs",2
"8748","31-50","Male","Junior high school","Employee","Above 10yr","Two-way (divided with broken lines road marking)","Crossing","Asphalt roads","Daylight","Normal","Collision with pedestrians","Going straight","Not a Pedestrian","Changing lane to the right",1
"8749","18-30","Male","Junior high school","Employee","No Licence","Two-way (divided with broken lines road marking)","Y Shape","Asphalt roads","Daylight","Normal","Vehicle with vehicle collision","Going straight","Not a Pedestrian","Changing lane to the right",2
"8750","18-30","Male","Junior high school","Employee","1-2yr","Undivided Two way","Y Shape","Asphalt roads","Daylight","Normal","Vehicle with vehicle collision","Going straight","Not a Pedestrian","Changing lane to the right",2
"8751","Over 51","Male","Illiterate","Owner","1-2yr","Undivided Two way","Crossing","Asphalt roads","Darkness - lights lit","Normal","Vehicle with vehicle collision","Reversing","Not a Pedestrian","Changing lane to the right",2
"8752","31-50","Male","Junior high school","Owner","Below 1yr","Undivided Two way","Y Shape","Asphalt roads","Daylight","Normal","Collision with pedestrians","Going straight","Not a Pedestrian","Moving Backward",2
"8753","31-50","Male","Junior high school","Owner","1-2yr","Two-way (divided with broken lines road marking)","Y Shape","Asphalt roads","Daylight","Normal","Collision with roadside objects","Going straight","Not a Pedestrian","No distancing",2
"8754","Over 51","Male","Junior high school","Owner","2-5yr","Undivided Two way","Other","Asphalt roads","Darkness - lights lit","Normal","Unknown","Going straight","Not a Pedestrian","Overspeed",1
"8755","18-30","Female","Junior high school","Owner","5-10yr","Two-way (divided with broken lines road marking)","Other","Asphalt roads","Darkness - lights lit","Normal","Vehicle with vehicle collision","Going straight","Not a Pedestrian","No distancing",1
"8756","31-50","Male","Junior high school","Owner","Above 10yr","Double carriageway (median)","Y Shape","Unknown","Darkness - lights lit","Raining and Windy","Unknown","Getting off","Not a Pedestrian","Driving carelessly",1
"8757","31-50","Male","Junior high school","Owner","2-5yr","Undivided Two way","Y Shape","Other","Darkness - lights lit","Raining and Windy","Unknown","Going straight","Not a Pedestrian","Moving Backward",1
"8758","18-30","Male","Elementary school","Owner","Above 10yr","Two-way (divided with broken lines road marking)","Crossing","Asphalt roads","Daylight","Normal","Unknown","Going straight","Not a Pedestrian","Overtaking",2
"8759","18-30","Male","Writing & reading","Owner","5-10yr","other","Crossing","Asphalt roads","Daylight","Normal","Vehicle with vehicle collision","Going straight","Not a Pedestrian","Changing lane to the left",2
"8760","18-30","Male","Junior high school","Owner","5-10yr","Two-way (divided with broken lines road marking)","Crossing","Asphalt roads","Daylight","Normal","Vehicle with vehicle collision","Going straight","Not a Pedestrian","Changing lane to the right",2
"8761","18-30","Male","Junior high school","Owner","5-10yr","other","Crossing","Asphalt roads","Daylight","Normal","Collision with roadside objects","Reversing","Not a Pedestrian","Overtaking",2
"8762","18-30","Male","Junior high school","Owner","Below 1yr","Undivided Two way","Crossing","Asphalt roads with some distress","Daylight","Normal","Collision with roadside objects","Moving Backward","Not a Pedestrian","Overloading",2
"8763","18-30","Male","Junior high school","Owner","2-5yr","One way","Crossing","Unknown","Daylight","Normal","Vehicle with vehicle collision","Going straight","Not a Pedestrian","Other",2
"8764","Over 51","Male","Elementary school","Employee","2-5yr","other","Crossing","Asphalt roads","Daylight","Normal","Vehicle with vehicle collision","Going straight","Not a Pedestrian","No priority to vehicle",2
"8765","18-30","Male","Junior high school","Employee","2-5yr","Double carriageway (median)","Y Shape","Asphalt roads","Darkness - lights lit","Normal","Vehicle with vehicle collision","Going straight","Not a Pedestrian","Changing lane to the right",2
"8766","Under 18","Male","Junior high school","Employee","2-5yr","other","Y Shape","Asphalt roads","Darkness - lights lit","Normal","Vehicle with vehicle collision","Going straight","Not a Pedestrian","Moving Backward",2
"8767","31-50","Male","Junior high school","Employee","5-10yr","Two-way (divided with broken lines road marking)","Y Shape","Asphalt roads","Daylight","Raining","Vehicle with vehicle collision","Going straight","Not a Pedestrian","Changing lane to the left",2
"8768","31-50","Male","Junior high school","Employee","5-10yr","One way","Y Shape","Earth roads","Daylight","Raining","Rollover","Going straight","Not a Pedestrian","No priority to pedestrian",2
"8769","18-30","Male","Junior high school","Employee","Above 10yr","Undivided Two way","Y Shape","Asphalt roads","Daylight","Raining","Vehicle with vehicle collision","Turnover","Not a Pedestrian","No distancing",1
"8770","18-30","Male","Elementary school","Employee","5-10yr","other","Y Shape","Asphalt roads","Daylight","Raining","Collision with roadside objects","Going straight","Not a Pedestrian","No priority to vehicle",1
"8771","18-30","Male","Junior high school","Employee","5-10yr","Undivided Two way","Y Shape","Asphalt roads","Daylight","Normal","Collision with pedestrians","Other","Not a Pedestrian","No distancing",2
"8772","18-30","Male","Junior high school","Employee","Above 10yr","Double carriageway (median)","Y Shape","Asphalt roads","Daylight","Normal","Vehicle with vehicle collision","Going straight","Not a Pedestrian","No distancing",2
"8773","Over 51","Male","Elementary school","Owner","5-10yr","Two-way (divided with broken lines road marking)","Y Shape","Asphalt roads","Daylight","Raining","Vehicle with vehicle collision","Going straight","Not a Pedestrian","Moving Backward",2
"8774","18-30","Male","Junior high school","Owner","5-10yr","Two-way (divided with broken lines road marking)","Y Shape","Asphalt roads","Daylight","Raining","Vehicle with vehicle collision","Going straight","Not a Pedestrian","Changing lane to the right",2
"8775","31-50","Male","Junior high school","Employee","5-10yr","Two-way (divided with broken lines road marking)","Y Shape","Asphalt roads","Darkness - lights lit","Raining","Vehicle with vehicle collision","Going straight","Crossing from offside - masked by  parked or statioNot a Pedestrianry vehicle","No priority to pedestrian",2
"8776","31-50","Male","Junior high school","Employee","Below 1yr","Two-way (divided with broken lines road marking)","Y Shape","Asphalt roads","Darkness - lights lit","Raining","Vehicle with vehicle collision","Going straight","Not a Pedestrian","Moving Backward",2
"8777","18-30","Male","Junior high school","Unknown","5-10yr","Double carriageway (median)","Y Shape","Asphalt roads","Daylight","Normal","Vehicle with vehicle collision","Moving Backward","Not a Pedestrian","Getting off the vehicle improperly",1
"8778","18-30","Male","Junior high school","Employee","5-10yr","Double carriageway (median)","Y Shape","Asphalt roads","Darkness - lights lit","Raining","Vehicle with vehicle collision","Moving Backward","Not a Pedestrian","Overtaking",2
"8779","18-30","Male","Junior high school","Employee","5-10yr","Undivided Two way","Y Shape","Asphalt roads","Darkness - lights lit","Raining","Collision with roadside objects","Moving Backward","Not a Pedestrian","Overloading",2
"8780","31-50","Male","Junior high school","Employee","Above 10yr","One way","Y Shape","Gravel roads","Daylight","Normal","Rollover","Other","Not a Pedestrian","Changing lane to the right",2
"8781","31-50","Male","High school","Employee","Above 10yr","Undivided Two way","Y Shape","Asphalt roads","Daylight","Normal","Vehicle with vehicle collision","Going straight","Not a Pedestrian","Improper parking",2
"8782","Over 51","Male","Junior high school","Employee","Above 10yr","Two-way (divided with broken lines road marking)","Y Shape","Asphalt roads","Daylight","Normal","Collision with pedestrians","Unknown","Not a Pedestrian","Other",0
"8783","31-50","Male","Junior high school","Employee","Above 10yr","Two-way (divided with broken lines road marking)","Y Shape","Asphalt roads","Darkness - no lighting","Raining","Vehicle with vehicle collision","Turnover","Not a Pedestrian","Changing lane to the left",2
"8784","31-50","Male","Junior high school","Employee","Above 10yr","Undivided Two way","Y Shape","Asphalt roads","Darkness - no lighting","Raining","Vehicle with vehicle collision","Getting off","Crossing from nearside - masked by parked or statioNot a Pedestrianry vehicle","Changing lane to the right",2
"8785","31-50","Male","Junior high school","Employee","Above 10yr","Double carriageway (median)","Y Shape","Asphalt roads","Darkness - no lighting","Raining","Collision with pedestrians","Going straight"," or other","No priority to pedestrian",2
"8786","18-30","Male","Junior high school","Employee","5-10yr","Two-way (divided with broken lines road marking)","Y Shape","Asphalt roads","Darkness - no lighting","Unknown","Collision with pedestrians","Going straight","Not a Pedestrian","Overspeed",1
"8787","Under 18","Male","Junior high school","Employee","2-5yr","Two-way (divided with broken lines road marking)","No junction","Asphalt roads","Daylight","Normal","Vehicle with vehicle collision","Going straight","Not a Pedestrian","Changing lane to the left",2
"8788","18-30","Female","Junior high school","Employee","Below 1yr","Two-way (divided with broken lines road marking)","No junction","Asphalt roads","Daylight","Normal","Vehicle with vehicle collision","Turnover","Not a Pedestrian","No priority to vehicle",2
"8789","18-30","Female","Junior high school","Employee","Below 1yr","Two-way (divided with broken lines road marking)","No junction","Asphalt roads","Daylight","Normal","Vehicle with vehicle collision","Reversing","Not a Pedestrian","Changing lane to the right",2
"8790","31-50","Male","Junior high school","Employee","2-5yr","Two-way (divided with broken lines road marking)","No junction","Asphalt roads","Daylight","Other","Vehicle with vehicle collision","Moving Backward","Not a Pedestrian","No distancing",2
"8791","18-30","Male","Elementary school","Employee","Below 1yr","Undivided Two way","Y Shape","Asphalt roads","Daylight","Normal","Vehicle with vehicle collision","Other","Not a Pedestrian","No priority to pedestrian",2
"8792","Over 51","Male","Junior high school","Employee","Below 1yr","other","Y Shape","Asphalt roads","Daylight","Normal","Collision with roadside objects","Going straight","Not a Pedestrian","No distancing",2
"8793","Under 18","Male","Junior high school","Employee","5-10yr","Two-way (divided with broken lines road marking)","Y Shape","Asphalt roads","Darkness - lights lit","Raining","Vehicle with vehicle collision","Going straight","Not a Pedestrian","No priority to vehicle",2
"8794","31-50","Male","Junior high school","Employee","5-10yr","Two-way (divided with broken lines road marking)","Y Shape","Asphalt roads","Darkness - lights lit","Raining","Vehicle with vehicle collision","Going straight","Not a Pedestrian","Other",2
"8795","18-30","Female","Writing & reading","Employee","Below 1yr","Double carriageway (median)","Y Shape","Asphalt roads","Darkness - lights lit","Normal","Vehicle with vehicle collision","Going straight","Not a Pedestrian","Driving carelessly",2
"8796","31-50","Male","Junior high school","Employee","Below 1yr","One way","Y Shape","Asphalt roads","Darkness - lights lit","Normal","Vehicle with vehicle collision","Going straight","Not a Pedestrian","Changing lane to the left",2
"8797","18-30","Male","Junior high school","Employee","1-2yr","Two-way (divided with broken lines road marking)","Y Shape","Asphalt roads","Darkness - no lighting","Raining","Vehicle with vehicle collision","Going straight","Not a Pedestrian","Driving carelessly",2
"8798","18-30","Male","Elementary school","Employee","Above 10yr","Undivided Two way","Y Shape","Asphalt roads","Daylight","Cloudy","Vehicle with vehicle collision","Going straight","Not a Pedestrian","Changing lane to the left",1
"8799","Under 18","Male","Elementary school","Employee","Above 10yr","Undivided Two way","Y Shape","Asphalt roads","Daylight","Cloudy","Vehicle with vehicle collision","Going straight","Not a Pedestrian","No priority to vehicle",1
"8800","18-30","Male","Elementary school","Employee","Below 1yr","other","Y Shape","Asphalt roads","Darkness - lights lit","Normal","Vehicle with vehicle collision","Going straight","Not a Pedestrian","No distancing",2
"8801","31-50","Male","High school","Employee","2-5yr","Two-way (divided with broken lines road marking)","Y Shape","Asphalt roads","Darkness - lights lit","Normal","Vehicle with vehicle collision","Other","Not a Pedestrian","Changing lane to the right",2
"8802","18-30","Male","Junior high school","Employee","2-5yr","Two-way (divided with broken lines road marking)","No junction","Other","Darkness - lights lit","Raining","Vehicle with vehicle collision","Moving Backward","Not a Pedestrian","Changing lane to the right",2
"8803","31-50","Male","Above high school","Employee","Above 10yr","Two-way (divided with broken lines road marking)","No junction","Unknown","Darkness - lights lit","Raining","Vehicle with vehicle collision","Going straight","Crossing from offside - masked by  parked or statioNot a Pedestrianry vehicle","Driving at high speed",2
"8804","Over 51","Male","Junior high school","Employee","2-5yr","Two-way (divided with broken lines road marking)","No junction","Asphalt roads","Darkness - lights lit","Normal","Vehicle with vehicle collision","Moving Backward","Not a Pedestrian","No distancing",1
"8805","31-50","Male","Junior high school","Employee","2-5yr","Undivided Two way","No junction","Asphalt roads","Darkness - lights lit","Normal","Vehicle with vehicle collision","Going straight","Not a Pedestrian","Changing lane to the right",1
"8806","18-30","Male","High school","Employee","1-2yr","other","Crossing","Asphalt roads","Darkness - lights lit","Normal","Vehicle with vehicle collision","Moving Backward","Not a Pedestrian","Changing lane to the left",2
"8807","31-50","Male","Junior high school","Employee","5-10yr","Two-way (divided with broken lines road marking)","Crossing","Asphalt roads","Darkness - lights lit","Normal","Vehicle with vehicle collision","Unknown","Not a Pedestrian","Getting off the vehicle improperly",2
"8808","18-30","Male","Junior high school","Employee","Below 1yr","Two-way (divided with broken lines road marking)","No junction","Asphalt roads","Darkness - lights lit","Raining","Collision with roadside objects","Going straight","Not a Pedestrian","Other",2
"8809","18-30","Male","Junior high school","Employee","Below 1yr","Double carriageway (median)","No junction","Asphalt roads","Darkness - lights lit","Raining","Vehicle with vehicle collision","Going straight","Not a Pedestrian","Other",2
"8810","18-30","Male","Elementary school","Employee","5-10yr","Two-way (divided with broken lines road marking)","No junction","Asphalt roads","Darkness - lights lit","Raining","Vehicle with vehicle collision","Going straight","Not a Pedestrian","No distancing",2
"8811","18-30","Male","Junior high school","Employee","Below 1yr","Double carriageway (median)","No junction","Asphalt roads","Darkness - lights lit","Raining","Vehicle with vehicle collision","Going straight","Not a Pedestrian","No priority to vehicle",2
"8812","Over 51","Male","Junior high school","Employee","1-2yr","Two-way (divided with broken lines road marking)","Y Shape","Asphalt roads","Darkness - lights lit","Normal","Vehicle with vehicle collision","Other","Not a Pedestrian","Overtaking",2
"8813","31-50","Male","Elementary school","Employee","2-5yr","Double carriageway (median)","Y Shape","Asphalt roads","Darkness - lights lit","Normal","Collision with pedestrians","Going straight","Not a Pedestrian","No priority to pedestrian",2
"8814","18-30","Male","High school","Employee","1-2yr","Two-way (divided with broken lines road marking)","No junction","Asphalt roads","Darkness - lights lit","Normal","Vehicle with vehicle collision","Moving Backward","Not a Pedestrian","No distancing",2
"8815","31-50","Male","Junior high school","Employee","5-10yr","Two-way (divided with broken lines road marking)","No junction","Asphalt roads","Darkness - lights lit","Normal","Vehicle with vehicle collision","Moving Backward","Not a Pedestrian","Changing lane to the right",2
"8816","18-30","Male","Junior high school","Employee","Below 1yr","other","No junction","Other","Darkness - lights lit","Raining","Vehicle with vehicle collision","Moving Backward","Not a Pedestrian","Driving carelessly",1
"8817","Over 51","Male","High school","Employee","Above 10yr","Undivided Two way","No junction","Asphalt roads","Darkness - lights lit","Raining","Vehicle with vehicle collision","Going straight","Not a Pedestrian","Changing lane to the right",1
"8818","18-30","Male","Elementary school","Owner","5-10yr","Undivided Two way","No junction","Asphalt roads","Darkness - lights lit","Normal","Vehicle with vehicle collision","Going straight","Not a Pedestrian","Overtaking",1
"8819","18-30","Male","Elementary school","Employee","Below 1yr","Undivided Two way","No junction","Asphalt roads","Darkness - lights lit","Normal","Vehicle with vehicle collision","Going straight","Not a Pedestrian","Other",1
"8820","31-50","Male","Junior high school","Employee","5-10yr","Two-way (divided with broken lines road marking)","Y Shape","Asphalt roads","Daylight","Raining","Vehicle with vehicle collision","Going straight","Not a Pedestrian","Driving to the left",1
"8821","18-30","Male","Elementary school","Owner","5-10yr","Undivided Two way","Y Shape","Asphalt roads","Daylight","Normal","Vehicle with vehicle collision","Other","Not a Pedestrian","Driving at high speed",2
"8822","18-30","Unknown","Junior high school","Employee","2-5yr","Two-way (divided with broken lines road marking)","Y Shape","Asphalt roads","Daylight","Normal","Collision with pedestrians","Going straight","Not a Pedestrian","Unknown",2
"8823","18-30","Male","Junior high school","Employee","Above 10yr","Undivided Two way","Y Shape","Asphalt roads","Daylight","Normal","Vehicle with vehicle collision","Going straight","Not a Pedestrian","Changing lane to the right",2
"8824","18-30","Female","Junior high school","Employee","5-10yr","Two-way (divided with broken lines road marking)","Y Shape","Asphalt roads","Darkness - lights lit","Raining","Vehicle with vehicle collision","Going straight","Not a Pedestrian","No distancing",2
"8825","Over 51","Male","High school","Employee","1-2yr","Two-way (divided with broken lines road marking)","Y Shape","Asphalt roads","Darkness - lights lit","Raining","Vehicle with vehicle collision","Reversing","Not a Pedestrian","Other",2
"8826","31-50","Male","Elementary school","Employee","5-10yr","Two-way (divided with broken lines road marking)","O Shape","Other","Daylight","Normal","Vehicle with vehicle collision","Moving Backward","Not a Pedestrian","No priority to vehicle",2
"8827","18-30","Male","Elementary school","Employee","2-5yr","Undivided Two way","O Shape","Asphalt roads","Daylight","Normal","Collision with roadside objects","Going straight","Not a Pedestrian","Changing lane to the left",2