"","Age_Categories","Sex_of_driver","Educational_level","Vehicle_driver_relation","Driving_experience","Lanes_or_Medians","Types_of_Junction","Road_surface_type","Light_conditions","Weather_conditions","Type_of_collision","Vehicle_movement","Pedestrian_movement","Cause_of_accident","Accident_severity"
"9531","Over 51","Male","Junior high school","Employee","5-10yr","Two-way (divided with broken lines road marking)","Y Shape","Asphalt roads","Daylight","Normal","Collision with pedestrians","Going straight","Not a Pedestrian","No distancing",2
"9532","31-50","Male","Junior high school","Employee","5-10yr","Two-way (divided with broken lines road marking)","Y Shape","Asphalt roads","Daylight","Normal","Vehicle with vehicle collision","Getting off"," or other","Changing lane to the left",2
"9533","18-30","Female","Above high school","Employee","5-10yr","Undivided Two way","No junction","Asphalt roads","Daylight","Normal","Collision with roadside objects","Going straight"," or other","Changing lane to the right",2
"9534","31-50","Male","Junior high school","Employee","Above 10yr","Two-way (divided with broken lines road marking)","No junction","Asphalt roads","Daylight","Raining","Vehicle with vehicle collision","Going straight"," or other","No priority to vehicle",2
"9535","31-50","Male","Elementary school","Employee","2-5yr","Two-way (divided with broken lines road marking)","No junction","Asphalt roads","Daylight","Raining","Vehicle with vehicle collision","Other","Not a Pedestrian","Changing lane to the left",2
"9536","31-50","Male","Junior high school","Employee","5-10yr","Two-way (divided with broken lines road marking)","No junction","Asphalt roads","Daylight","Raining","Vehicle with vehicle collision","Going straight","Not a Pedestrian","No priority to vehicle",2
"9537","31-50","Male","Junior high school","Unknown","5-10yr","Undivided Two way","No junction","Asphalt roads","Daylight","Raining","Vehicle with vehicle collision","Going straight","Not a Pedestrian","Moving Backward",2
"9538","31-50","Male","Junior high school","Employee","5-10yr","Undivided Two way","No junction","Asphalt roads","Daylight","Raining","Vehicle with vehicle collision","Going straight","Not a Pedestrian","Turnover",2
"9539","Over 51","Male","Junior high school","Employee","5-10yr","Double carriageway (median)","Y Shape","Asphalt roads","Daylight","Raining","Vehicle with vehicle collision","Going straight","Not a Pedestrian","No distancing",2
"9540","Over 51","Male","Junior high school","Employee","5-10yr","Double carriageway (median)","Y Shape","Asphalt roads","Daylight","Raining","Vehicle with vehicle collision","Going straight","Not a Pedestrian","No distancing",2
"9541","Over 51","Male","Junior high school","Employee","1-2yr","Two-way (divided with broken lines road marking)","Y Shape","Asphalt roads","Daylight","Raining","Vehicle with vehicle collision","Reversing","Crossing from driver's nearside","No distancing",2
"9542","18-30","Male","Above high school","Owner","5-10yr","Double carriageway (median)","Y Shape","Asphalt roads","Daylight","Normal","Vehicle with vehicle collision","Other","Crossing from driver's nearside","Changing lane to the left",2
"9543","18-30","Male","Junior high school","Employee","2-5yr","Two-way (divided with broken lines road marking)","Y Shape","Asphalt roads","Daylight","Normal","Collision with roadside objects","Going straight","Not a Pedestrian","No priority to vehicle",2
"9544","18-30","Male","Junior high school","Owner","5-10yr","Two-way (divided with broken lines road marking)","Y Shape","Asphalt roads","Daylight","Normal","Vehicle with vehicle collision","Going straight","Not a Pedestrian","Driving at high speed",2
"9545","Over 51","Male","High school","Employee","2-5yr","Two-way (divided with broken lines road marking)","No junction","Asphalt roads","Daylight","Normal","Collision with roadside objects","Going straight","Not a Pedestrian","Overtaking",1
"9546","18-30","Male","Junior high school","Employee","Above 10yr","One way","No junction","Asphalt roads","Daylight","Normal","Vehicle with vehicle collision","Going straight","Not a Pedestrian","Other",1
"9547","18-30","Male","Junior high school","Employee","Below 1yr","Two-way (divided with broken lines road marking)","Crossing","Asphalt roads","Daylight","Normal","Vehicle with vehicle collision","Going straight","Not a Pedestrian","Changing lane to the left",2
"9548","18-30","Male","Junior high school","Employee","Below 1yr","Two-way (divided with broken lines road marking)","Crossing","Asphalt roads","Daylight","Normal","Unknown","Going straight","Not a Pedestrian","No priority to pedestrian",2
"9549","Under 18","Male","Junior high school","Owner","5-10yr","Undivided Two way","Y Shape","Asphalt roads","Daylight","Normal","Collision with pedestrians","Going straight","Crossing from nearside - masked by parked or statioNot a Pedestrianry vehicle","Changing lane to the left",2
"9550","31-50","Male","Junior high school","Employee","2-5yr","Two-way (divided with broken lines road marking)","Y Shape","Asphalt roads","Daylight","Normal","Vehicle with vehicle collision","Going straight","Crossing from nearside - masked by parked or statioNot a Pedestrianry vehicle","No distancing",2
"9551","18-30","Male","Junior high school","Unknown","5-10yr","Two-way (divided with broken lines road marking)","Y Shape","Asphalt roads","Daylight","Normal","Vehicle with vehicle collision","Going straight","Not a Pedestrian","Moving Backward",2
"9552","31-50","Male","Elementary school","Employee","No Licence","Two-way (divided with broken lines road marking)","Y Shape","Asphalt roads","Daylight","Normal","Vehicle with vehicle collision","Moving Backward","Not a Pedestrian","Changing lane to the left",2
"9553","18-30","Female","Junior high school","Employee","Above 10yr","Two-way (divided with broken lines road marking)","No junction","Asphalt roads","Darkness - lights lit","Normal","Collision with pedestrians","Moving Backward","Not a Pedestrian","Other",1
"9554","31-50","Male","Junior high school","Owner","Above 10yr","Two-way (divided with broken lines road marking)","No junction","Asphalt roads","Daylight","Normal","Collision with roadside objects","Turnover","Not a Pedestrian","No distancing",2
"9555","18-30","Female","Junior high school","Employee","Above 10yr","Undivided Two way","Crossing","Asphalt roads","Daylight","Normal","Unknown","Other","Not a Pedestrian","Moving Backward",2
"9556","Over 51","Male","Junior high school","Employee","Above 10yr","Undivided Two way","Crossing","Asphalt roads with some distress","Daylight","Normal","Vehicle with vehicle collision","Other","Not a Pedestrian","No distancing",2
"9557","18-30","Male","Junior high school","Owner","5-10yr","Undivided Two way","Y Shape","Asphalt roads","Daylight","Normal","Unknown","Going straight","Not a Pedestrian","Changing lane to the left",1
"9558","18-30","Male","Junior high school","Employee","Below 1yr","Double carriageway (median)","Crossing","Asphalt roads","Daylight","Normal","Unknown","Going straight","Not a Pedestrian","Changing lane to the left",1
"9559","31-50","Male","Junior high school","Employee","2-5yr","Undivided Two way","Crossing","Asphalt roads","Daylight","Normal","Unknown","Other","Not a Pedestrian","No priority to pedestrian",1
"9560","Under 18","Male","Junior high school","Employee","5-10yr","Undivided Two way","Y Shape","Asphalt roads","Daylight","Normal","Vehicle with vehicle collision","Other","Not a Pedestrian","Changing lane to the left",2
"9561","18-30","Female","Above high school","Employee","1-2yr","Undivided Two way","Y Shape","Gravel roads","Daylight","Normal","Vehicle with vehicle collision","Going straight","Not a Pedestrian","Driving carelessly",2
"9562","Over 51","Male","Junior high school","Employee","1-2yr","Undivided Two way","Y Shape","Asphalt roads","Daylight","Normal","Collision with roadside objects","Reversing","Not a Pedestrian","Driving carelessly",2
"9563","31-50","Male","Junior high school","Employee","1-2yr","Two-way (divided with broken lines road marking)","Y Shape","Asphalt roads","Daylight","Normal","Collision with roadside objects","Other","Not a Pedestrian","No priority to pedestrian",2
"9564","31-50","Male","Junior high school","Employee","5-10yr","Undivided Two way","Y Shape","Asphalt roads","Daylight","Normal","Vehicle with vehicle collision","Turnover","Not a Pedestrian","Getting off the vehicle improperly",2
"9565","31-50","Male","Junior high school","Employee","Above 10yr","Undivided Two way","Y Shape","Asphalt roads","Daylight","Normal","Vehicle with vehicle collision","Going straight","Not a Pedestrian","No distancing",2
"9566","18-30","Male","Junior high school","Employee","Above 10yr","Undivided Two way","No junction","Asphalt roads","Daylight","Normal","Vehicle with vehicle collision","Going straight","Not a Pedestrian","Changing lane to the left",2
"9567","18-30","Male","Junior high school","Employee","5-10yr","Two-way (divided with broken lines road marking)","No junction","Asphalt roads","Daylight","Normal","Vehicle with vehicle collision","Going straight","Not a Pedestrian","No priority to vehicle",2
"9568","31-50","Male","Junior high school","Employee","2-5yr","Undivided Two way","No junction","Asphalt roads","Daylight","Normal","Vehicle with vehicle collision","Going straight","Not a Pedestrian","No distancing",2
"9569","Over 51","Male","Junior high school","Employee","Below 1yr","Two-way (divided with broken lines road marking)","No junction","Asphalt roads","Daylight","Normal","Rollover","Going straight","Not a Pedestrian","No priority to pedestrian",2
"9570","18-30","Male","Junior high school","Employee","1-2yr","other","No junction","Asphalt roads","Darkness - lights lit","Normal","Vehicle with vehicle collision","Going straight","Not a Pedestrian","No priority to pedestrian",2
"9571","18-30","Male","Junior high school","Employee","5-10yr","Two-way (divided with broken lines road marking)","No junction","Asphalt roads","Darkness - lights lit","Normal","Collision with roadside objects","Going straight","Not a Pedestrian","No priority to vehicle",2
"9572","18-30","Male","Junior high school","Employee","Below 1yr","Two-way (divided with broken lines road marking)","No junction","Asphalt roads","Darkness - lights lit","Normal","Collision with pedestrians","Going straight","Not a Pedestrian","Driving carelessly",2
"9573","18-30","Male","Elementary school","Employee","5-10yr","Two-way (divided with broken lines road marking)","No junction","Asphalt roads","Darkness - lights lit","Normal","Vehicle with vehicle collision","Going straight","Not a Pedestrian","Changing lane to the right",2
"9574","18-30","Male","Junior high school","Employee","2-5yr","other","No junction","Asphalt roads","Darkness - lights lit","Normal","Vehicle with vehicle collision","Other","Not a Pedestrian","Changing lane to the left",2
"9575","18-30","Male","Junior high school","Employee","5-10yr","other","No junction","Earth roads","Darkness - lights lit","Normal","Vehicle with vehicle collision","Going straight","Not a Pedestrian","Moving Backward",2
"9576","18-30","Male","Elementary school","Employee","5-10yr","Undivided Two way","Y Shape","Asphalt roads","Daylight","Normal","Vehicle with vehicle collision","Going straight","Not a Pedestrian","Driving carelessly",2
"9577","31-50","Male","Junior high school","Employee","Above 10yr","Double carriageway (median)","Y Shape","Unknown","Daylight","Normal","Vehicle with vehicle collision","Moving Backward","Not a Pedestrian","Driving to the left",2
"9578","Over 51","Male","Junior high school","Employee","1-2yr","other","Y Shape","Unknown","Daylight","Normal","Vehicle with vehicle collision","Going straight","Not a Pedestrian","Driving to the left",2
"9579","Over 51","Male","High school","Employee","Below 1yr","Undivided Two way","Y Shape","Asphalt roads","Daylight","Normal","Vehicle with vehicle collision","Moving Backward","Not a Pedestrian","No priority to pedestrian",1
"9580","Over 51","Male","Elementary school","Employee","Above 10yr","Two-way (divided with broken lines road marking)","Y Shape","Earth roads","Daylight","Normal","Collision with roadside objects","Other","Not a Pedestrian","Changing lane to the left",1
"9581","Under 18","Male","High school","Owner","1-2yr","Two-way (divided with broken lines road marking)","No junction","Asphalt roads","Daylight","Normal","Rollover","Going straight","Not a Pedestrian","Changing lane to the right",2
"9582","Under 18","Male","Junior high school","Employee","2-5yr","Two-way (divided with broken lines road marking)","No junction","Asphalt roads","Daylight","Normal","Vehicle with vehicle collision","Reversing","Not a Pedestrian","Driving carelessly",2
"9583","Under 18","Male","Junior high school","Employee","5-10yr","Double carriageway (median)","No junction","Earth roads","Daylight","Normal","Collision with pedestrians","Going straight"," or other","No distancing",2
"9584","31-50","Male","High school","Owner","2-5yr","Double carriageway (median)","No junction","Asphalt roads","Daylight","Normal","Vehicle with vehicle collision","Other","Not a Pedestrian","Getting off the vehicle improperly",2
"9585","18-30","Female","High school","Employee","Above 10yr","Double carriageway (median)","Crossing","Asphalt roads","Daylight","Normal","Vehicle with vehicle collision","Other","Not a Pedestrian","Driving under the influence of drugs",2
"9586","Over 51","Male","Junior high school","Employee","1-2yr","Double carriageway (median)","Crossing","Asphalt roads","Daylight","Normal","Collision with pedestrians","Other","Not a Pedestrian","Changing lane to the right",2
"9587","Over 51","Male","Elementary school","Employee","1-2yr","Double carriageway (median)","Crossing","Asphalt roads","Daylight","Normal","Collision with pedestrians","Stopping","Not a Pedestrian","Driving carelessly",2
"9588","Over 51","Male","High school","Employee","1-2yr","Undivided Two way","Crossing","Asphalt roads","Daylight","Normal","Vehicle with vehicle collision","Other","Not a Pedestrian","Moving Backward",2
"9589","18-30","Male","Above high school","Employee","5-10yr","One way","Crossing","Asphalt roads","Daylight","Normal","Vehicle with vehicle collision","Other","Not a Pedestrian","Turnover",2
"9590","18-30","Male","Junior high school","Unknown","5-10yr","One way","Crossing","Asphalt roads","Daylight","Normal","Vehicle with vehicle collision","Other","Not a Pedestrian","Changing lane to the right",2
"9591","18-30","Male","Junior high school","Employee","5-10yr","Double carriageway (median)","Crossing","Asphalt roads","Daylight","Normal","Vehicle with vehicle collision","Going straight","Not a Pedestrian","Driving carelessly",2
"9592","31-50","Male","Elementary school","Owner","5-10yr","Two-way (divided with broken lines road marking)","Y Shape","Asphalt roads","Daylight","Normal","Vehicle with vehicle collision","Going straight","Not a Pedestrian","No priority to vehicle",1
"9593","18-30","Male","Elementary school","Employee","5-10yr","Double carriageway (median)","Y Shape","Asphalt roads","Darkness - lights lit","Normal","Collision with roadside objects","Going straight","Not a Pedestrian","Moving Backward",2
"9594","18-30","Male","High school","Owner","5-10yr","Two-way (divided with broken lines road marking)","Y Shape","Asphalt roads","Darkness - lights lit","Normal","Vehicle with vehicle collision","Going straight","Not a Pedestrian","Changing lane to the left",2
"9595","18-30","Male","Junior high school","Employee","5-10yr","Double carriageway (median)","Other","Asphalt roads","Daylight","Normal","Vehicle with vehicle collision","Going straight","Not a Pedestrian","Overturning",2
"9596","18-30","Male","Junior high school","Owner","1-2yr","Two-way (divided with broken lines road marking)","Other","Asphalt roads with some distress","Daylight","Normal","Vehicle with vehicle collision","Going straight","Not a Pedestrian","No distancing",2
"9597","Over 51","Male","Junior high school","Employee","2-5yr","Undivided Two way","Other","Asphalt roads","Daylight","Normal","Vehicle with vehicle collision","Going straight","Not a Pedestrian","Driving carelessly",2
"9598","Over 51","Male","Junior high school","Owner","5-10yr","Undivided Two way","No junction","Asphalt roads","Daylight","Normal","Vehicle with vehicle collision","Going straight","Not a Pedestrian","No distancing",1
"9599","Over 51","Male","Junior high school","Owner","Above 10yr","Undivided Two way","No junction","Asphalt roads","Daylight","Normal","Vehicle with vehicle collision","Going straight","Not a Pedestrian","Changing lane to the left",1
"9600","31-50","Male","High school","Employee","5-10yr","Undivided Two way","No junction","Asphalt roads","Darkness - lights lit","Normal","Vehicle with vehicle collision","Going straight","Not a Pedestrian","No priority to pedestrian",0
"9601","31-50","Male","High school","Owner","2-5yr","Undivided Two way","Crossing","Asphalt roads","Daylight","Normal","Vehicle with vehicle collision","Going straight","Not a Pedestrian","No distancing",2
"9602","31-50","Male","Junior high school","Employee","5-10yr","other","Crossing","Asphalt roads","Daylight","Normal","Vehicle with vehicle collision","Reversing","Not a Pedestrian","No distancing",2
"9603","18-30","Male","Elementary school","Employee","2-5yr","other","No junction","Asphalt roads","Daylight","Normal","Vehicle with vehicle collision","Going straight","Not a Pedestrian","Changing lane to the left",2
"9604","31-50","Male","Elementary school","Employee","5-10yr","Double carriageway (median)","No junction","Asphalt roads","Daylight","Normal","Vehicle with vehicle collision","Other","Not a Pedestrian","No distancing",2
"9605","18-30","Male","Junior high school","Employee","1-2yr","Two-way (divided with broken lines road marking)","No junction","Asphalt roads","Daylight","Normal","Vehicle with vehicle collision","Unknown","Not a Pedestrian","Changing lane to the left",2
"9606","18-30","Male","Junior high school","Employee","5-10yr","One way","Y Shape","Asphalt roads","Darkness - lights lit","Normal","Vehicle with vehicle collision","Getting off","Not a Pedestrian","No distancing",2
"9607","18-30","Male","Junior high school","Unknown","5-10yr","One way","Y Shape","Asphalt roads","Darkness - lights lit","Normal","Vehicle with vehicle collision","Going straight","Not a Pedestrian","No distancing",2
"9608","31-50","Male","Elementary school","Employee","Above 10yr","Undivided Two way","Y Shape","Asphalt roads","Daylight","Normal","Vehicle with vehicle collision","Going straight","Crossing from nearside - masked by parked or statioNot a Pedestrianry vehicle","No distancing",2
"9609","18-30","Male","Elementary school","Employee","Below 1yr","One way","Crossing","Asphalt roads","Daylight","Normal","Collision with roadside objects","Going straight","Not a Pedestrian","Changing lane to the left",2
"9610","18-30","Male","Junior high school","Employee","2-5yr","other","Y Shape","Asphalt roads","Daylight","Normal","Vehicle with vehicle collision","Going straight","Not a Pedestrian","Changing lane to the right",2
"9611","18-30","Male","Elementary school","Owner","1-2yr","other","Y Shape","Asphalt roads","Daylight","Normal","Vehicle with vehicle collision","Turnover","Not a Pedestrian","Moving Backward",2
"9612","18-30","Male","Junior high school","Owner","5-10yr","Undivided Two way","Y Shape","Asphalt roads","Daylight","Normal","Vehicle with vehicle collision","Entering a junction","Not a Pedestrian","Changing lane to the right",2
"9613","18-30","Male","Junior high school","Employee","2-5yr","Double carriageway (median)","No junction","Asphalt roads","Daylight","Normal","Vehicle with vehicle collision","Entering a junction","Not a Pedestrian","No distancing",2
"9614","31-50","Male","Junior high school","Employee","2-5yr","Two-way (divided with broken lines road marking)","No junction","Asphalt roads","Daylight","Normal","Collision with pedestrians","Entering a junction","Not a Pedestrian","Overtaking",2
"9615","18-30","Male","High school","Employee","2-5yr","Undivided Two way","No junction","Asphalt roads","Daylight","Normal","Vehicle with vehicle collision","Entering a junction","Not a Pedestrian","Other",2
"9616","31-50","Male","Junior high school","Employee","Above 10yr","Double carriageway (median)","No junction","Gravel roads","Daylight","Normal","Vehicle with vehicle collision","Other","Not a Pedestrian","Other",2
"9617","31-50","Male","Junior high school","Employee","2-5yr","Two-way (divided with broken lines road marking)","No junction","Asphalt roads","Daylight","Normal","Vehicle with vehicle collision","Entering a junction","Crossing from nearside - masked by parked or statioNot a Pedestrianry vehicle","Changing lane to the right",2
"9618","18-30","Female","Junior high school","Employee","1-2yr","other","Y Shape","Asphalt roads","Darkness - lights lit","Raining","Vehicle with vehicle collision","Turnover","Not a Pedestrian","No priority to pedestrian",2
"9619","18-30","Male","Junior high school","Employee","2-5yr","Two-way (divided with broken lines road marking)","Y Shape","Asphalt roads","Darkness - lights lit","Raining","Vehicle with vehicle collision","Entering a junction","Not a Pedestrian","No priority to vehicle",2
"9620","18-30","Male","Junior high school","Employee","5-10yr","One way","Y Shape","Asphalt roads","Darkness - lights lit","Raining","Vehicle with vehicle collision","Entering a junction","Not a Pedestrian","Changing lane to the left",2
"9621","18-30","Male","Junior high school","Employee","1-2yr","One way","Y Shape","Asphalt roads","Darkness - lights lit","Raining","Vehicle with vehicle collision","Entering a junction","Not a Pedestrian","Changing lane to the left",2
"9622","18-30","Male","Elementary school","Employee","1-2yr","Undivided Two way","Y Shape","Asphalt roads","Daylight","Normal","Vehicle with vehicle collision","Entering a junction","Not a Pedestrian","Overtaking",2
"9623","Under 18","Male","Junior high school","Employee","2-5yr","Two-way (divided with broken lines road marking)","Y Shape","Asphalt roads","Daylight","Normal","Collision with pedestrians","Entering a junction","Not a Pedestrian","No distancing",2
"9624","18-30","Male","Junior high school","Employee","Above 10yr","other","Crossing","Asphalt roads","Daylight","Normal","Vehicle with vehicle collision","Other","Not a Pedestrian","No priority to vehicle",2
"9625","18-30","Male","Junior high school","Employee","Below 1yr","Two-way (divided with broken lines road marking)","Y Shape","Asphalt roads","Daylight","Normal","Vehicle with vehicle collision","Going straight","Not a Pedestrian","Changing lane to the right",1
"9626","31-50","Male","Junior high school","Employee","Above 10yr","Two-way (divided with broken lines road marking)","Y Shape","Asphalt roads","Daylight","Normal","Vehicle with vehicle collision","Going straight","Not a Pedestrian","Changing lane to the left",1
"9627","18-30","Male","Elementary school","Owner","5-10yr","Two-way (divided with broken lines road marking)","Crossing","Asphalt roads","Daylight","Normal","Vehicle with vehicle collision","Other","Not a Pedestrian","No distancing",2
"9628","18-30","Male","Elementary school","Employee","Above 10yr","One way","Crossing","Asphalt roads","Daylight","Normal","Collision with roadside objects","Going straight","Not a Pedestrian","Driving carelessly",2
"9629","18-30","Male","Junior high school","Employee","1-2yr","Two-way (divided with broken lines road marking)","Crossing","Asphalt roads","Daylight","Normal","Vehicle with vehicle collision","Going straight","Not a Pedestrian","No priority to pedestrian",2
"9630","18-30","Male","Junior high school","Unknown","5-10yr","Undivided Two way","No junction","Asphalt roads","Daylight","Normal","Vehicle with vehicle collision","Going straight","Not a Pedestrian","Driving carelessly",2
"9631","Over 51","Male","High school","Owner","5-10yr","Two-way (divided with broken lines road marking)","No junction","Gravel roads","Daylight","Normal","Vehicle with vehicle collision","Going straight","Not a Pedestrian","Moving Backward",2
"9632","18-30","Male","Elementary school","Employee","2-5yr","Two-way (divided with broken lines road marking)","No junction","Asphalt roads","Daylight","Normal","Vehicle with vehicle collision","Going straight","Not a Pedestrian","No distancing",2
"9633","18-30","Male","Junior high school","Unknown","5-10yr","Two-way (divided with broken lines road marking)","Crossing","Asphalt roads","Daylight","Normal","Vehicle with vehicle collision","Reversing","Not a Pedestrian","No distancing",2
"9634","18-30","Male","Junior high school","Unknown","5-10yr","Undivided Two way","No junction","Asphalt roads","Daylight","Normal","Vehicle with vehicle collision","Moving Backward","Not a Pedestrian","No distancing",2
"9635","18-30","Male","High school","Owner","1-2yr","Undivided Two way","No junction","Asphalt roads","Daylight","Normal","Vehicle with vehicle collision","Overtaking","Not a Pedestrian","Changing lane to the left",2
"9636","31-50","Male","Junior high school","Employee","1-2yr","Undivided Two way","No junction","Earth roads","Daylight","Normal","Collision with roadside objects","Going straight","Not a Pedestrian","Changing lane to the left",2
"9637","Over 51","Male","Junior high school","Employee","1-2yr","Undivided Two way","O Shape","Asphalt roads","Daylight","Normal","Vehicle with vehicle collision","Going straight","Not a Pedestrian","Moving Backward",2
"9638","18-30","Male","Junior high school","Employee","Above 10yr","Two-way (divided with broken lines road marking)","O Shape","Asphalt roads","Daylight","Normal","Vehicle with vehicle collision","Going straight","Not a Pedestrian","Changing lane to the right",2
"9639","18-30","Male","Junior high school","Employee","1-2yr","Undivided Two way","Crossing","Unknown","Darkness - lights lit","Normal","Vehicle with vehicle collision","Going straight","Not a Pedestrian","No priority to vehicle",2
"9640","Over 51","Male","High school","Owner","Above 10yr","Two-way (divided with broken lines road marking)","Crossing","Gravel roads","Darkness - lights lit","Normal","Vehicle with vehicle collision","Going straight","Not a Pedestrian","Moving Backward",2
"9641","Over 51","Male","Junior high school","Employee","Above 10yr","Two-way (divided with broken lines road marking)","Crossing","Asphalt roads","Darkness - lights lit","Normal","Rollover","Going straight","Not a Pedestrian","Driving carelessly",2
"9642","Over 51","Male","Junior high school","Employee","1-2yr","Two-way (divided with broken lines road marking)","No junction","Unknown","Daylight","Normal","Vehicle with vehicle collision","Going straight","Not a Pedestrian","Driving carelessly",2
"9643","31-50","Male","Junior high school","Employee","1-2yr","other","No junction","Asphalt roads","Daylight","Normal","Vehicle with vehicle collision","Reversing","Not a Pedestrian","Driving under the influence of drugs",2
"9644","31-50","Male","High school","Employee","2-5yr","Undivided Two way","No junction","Earth roads","Darkness - lights lit","Normal","Collision with roadside objects","Going straight","Not a Pedestrian","No priority to pedestrian",2
"9645","18-30","Male","Junior high school","Employee","2-5yr","Undivided Two way","No junction","Asphalt roads","Darkness - lights lit","Normal","Vehicle with vehicle collision","Going straight","Not a Pedestrian","No priority to vehicle",2
"9646","18-30","Male","Junior high school","Employee","1-2yr","Two-way (divided with broken lines road marking)","Y Shape","Asphalt roads","Daylight","Normal","Vehicle with vehicle collision","Other","Not a Pedestrian","Driving carelessly",2
"9647","18-30","Male","Elementary school","Employee","5-10yr","Undivided Two way","Y Shape","Asphalt roads","Daylight","Normal","Vehicle with vehicle collision","Entering a junction","Not a Pedestrian","Moving Backward",2
"9648","31-50","Male","Junior high school","Employee","5-10yr","One way","Y Shape","Asphalt roads","Daylight","Normal","Collision with roadside objects","Turnover","Not a Pedestrian","Driving carelessly",1
"9649","31-50","Male","Junior high school","Employee","1-2yr","Undivided Two way","Crossing","Asphalt roads","Daylight","Normal","Collision with roadside objects","Going straight","Not a Pedestrian","No priority to vehicle",2
"9650","31-50","Male","Elementary school","Other","5-10yr","Two-way (divided with broken lines road marking)","Crossing","Earth roads","Daylight","Normal","Vehicle with vehicle collision","Going straight","Not a Pedestrian","Changing lane to the right",2
"9651","18-30","Male","Junior high school","Employee","2-5yr","Two-way (divided with broken lines road marking)","Crossing","Asphalt roads","Daylight","Normal","Vehicle with vehicle collision","Going straight","Not a Pedestrian","Changing lane to the left",2
"9652","18-30","Male","Elementary school","Employee","5-10yr","Undivided Two way","Crossing","Asphalt roads","Daylight","Normal","Collision with roadside objects","Going straight","Not a Pedestrian","No priority to vehicle",2
"9653","18-30","Male","Junior high school","Employee","Above 10yr","Two-way (divided with broken lines road marking)","Other","Asphalt roads","Daylight","Normal","Collision with roadside objects","Going straight","Not a Pedestrian","Driving carelessly",2
"9654","31-50","Male","Junior high school","Employee","Above 10yr","Two-way (divided with broken lines road marking)","Other","Asphalt roads","Daylight","Normal","Vehicle with vehicle collision","Going straight","Not a Pedestrian","Moving Backward",2
"9655","Over 51","Male","Elementary school","Owner","2-5yr","Undivided Two way","No junction","Asphalt roads","Daylight","Normal","Vehicle with vehicle collision","Going straight","Not a Pedestrian","No distancing",2
"9656","31-50","Male","Elementary school","Employee","5-10yr","other","No junction","Asphalt roads","Daylight","Normal","Vehicle with vehicle collision","Going straight","Not a Pedestrian","Changing lane to the left",2
"9657","31-50","Male","Junior high school","Owner","1-2yr","One way","No junction","Asphalt roads","Daylight","Normal","Collision with roadside objects","Getting off"," or other","Changing lane to the left",2
"9658","18-30","Male","Elementary school","Employee","Above 10yr","Undivided Two way","No junction","Asphalt roads","Daylight","Normal","Vehicle with vehicle collision","Getting off","Not a Pedestrian","No distancing",2
"9659","18-30","Male","Junior high school","Employee","5-10yr","One way","No junction","Asphalt roads","Daylight","Normal","Collision with roadside-parked vehicles","Getting off","Not a Pedestrian","Changing lane to the left",2
"9660","31-50","Male","Junior high school","Employee","2-5yr","Undivided Two way","No junction","Asphalt roads","Daylight","Normal","Vehicle with vehicle collision","Moving Backward","Not a Pedestrian","Driving carelessly",2
"9661","18-30","Male","Elementary school","Employee","Above 10yr","One way","Unknown","Asphalt roads","Daylight","Raining","Collision with roadside objects","Going straight","Crossing from offside - masked by  parked or statioNot a Pedestrianry vehicle","Changing lane to the left",2
"9662","Over 51","Male","Junior high school","Employee","2-5yr","Undivided Two way","Unknown","Earth roads","Daylight","Raining","Vehicle with vehicle collision","Going straight"," or other","No distancing",2
"9663","18-30","Male","Elementary school","Employee","Above 10yr","Two-way (divided with broken lines road marking)","Y Shape","Asphalt roads","Daylight","Normal","Vehicle with vehicle collision","Waiting to go","Not a Pedestrian","Changing lane to the right",2
"9664","31-50","Male","Junior high school","Employee","Above 10yr","other","Y Shape","Asphalt roads","Daylight","Normal","Vehicle with vehicle collision","Going straight","Not a Pedestrian","No distancing",2
"9665","31-50","Male","Junior high school","Employee","2-5yr","other","Y Shape","Asphalt roads","Daylight","Normal","Vehicle with vehicle collision","Other","Not a Pedestrian","Driving to the left",2
"9666","31-50","Male","Junior high school","Employee","Above 10yr","Two-way (divided with broken lines road marking)","Y Shape","Asphalt roads","Daylight","Normal","Vehicle with vehicle collision","Going straight","Not a Pedestrian","No distancing",2
"9667","18-30","Female","Junior high school","Employee","Above 10yr","other","No junction","Other","Daylight","Normal","Collision with roadside-parked vehicles","Going straight","Not a Pedestrian","Overtaking",2
"9668","31-50","Male","Junior high school","Employee","Below 1yr","Two-way (divided with broken lines road marking)","No junction","Gravel roads","Daylight","Normal","Collision with roadside-parked vehicles","Going straight","Not a Pedestrian","Driving under the influence of drugs",2
"9669","31-50","Male","Junior high school","Owner","Above 10yr","Undivided Two way","O Shape","Gravel roads","Daylight","Normal","Collision with animals","Going straight","Not a Pedestrian","No priority to pedestrian",2
"9670","18-30","Male","High school","Other","Above 10yr","Two-way (divided with broken lines road marking)","O Shape","Asphalt roads","Daylight","Normal","Collision with animals","Overtaking","Not a Pedestrian","Moving Backward",2
"9671","18-30","Male","Junior high school","Employee","5-10yr","Undivided Two way","No junction","Asphalt roads","Daylight","Normal","Collision with animals","Going straight","Not a Pedestrian","Changing lane to the right",2