"","Age_Categories","Sex_of_driver","Educational_level","Vehicle_driver_relation","Driving_experience","Lanes_or_Medians","Types_of_Junction","Road_surface_type","Light_conditions","Weather_conditions","Type_of_collision","Vehicle_movement","Pedestrian_movement","Cause_of_accident","Accident_severity"
"9809","18-30","Male","Junior high school","Employee","Above 10yr","other","Y Shape","Asphalt roads","Darkness - lights lit","Raining","Vehicle with vehicle collision","Going straight","Not a Pedestrian","Driving to the left",1
"9810","18-30","Male","Elementary school","Owner","5-10yr","Two-way (divided with broken lines road marking)","Y Shape","Asphalt roads","Darkness - lights lit","Windy","Vehicle with vehicle collision","Going straight","Not a Pedestrian","Changing lane to the left",2
"9811","Over 51","Male","Junior high school","Owner","5-10yr","Two-way (divided with broken lines road marking)","Crossing","Asphalt roads","Daylight","Normal","Collision with pedestrians","Going straight","Not a Pedestrian","No distancing",2
"9812","18-30","Female","Junior high school","Employee","5-10yr","Double carriageway (median)","Crossing","Asphalt roads","Daylight","Normal","Collision with roadside objects","Going straight","Not a Pedestrian","No distancing",2
"9813","18-30","Female","Junior high school","Employee","Below 1yr","One way","Crossing","Asphalt roads","Daylight","Normal","Vehicle with vehicle collision","Going straight","Not a Pedestrian","Changing lane to the right",2
"9814","18-30","Female","Junior high school","Unknown","5-10yr","Two-way (divided with broken lines road marking)","Crossing","Asphalt roads","Daylight","Normal","Vehicle with vehicle collision","Going straight","Not a Pedestrian","Driving under the influence of drugs",2
"9815","18-30","Female","Junior high school","Employee","5-10yr","Undivided Two way","Crossing","Asphalt roads","Daylight","Normal","Vehicle with vehicle collision","Going straight","Not a Pedestrian","Changing lane to the right",2
"9816","18-30","Female","Junior high school","Employee","5-10yr","Undivided Two way","Crossing","Asphalt roads","Daylight","Normal","Vehicle with vehicle collision","Going straight","Not a Pedestrian","Changing lane to the left",2
"9817","Under 18","Male","Junior high school","Employee","Above 10yr","other","Y Shape","Asphalt roads","Daylight","Raining","With Train","Going straight","Not a Pedestrian","Moving Backward",2
"9818","18-30","Male","High school","Employee","Above 10yr","Two-way (divided with broken lines road marking)","Y Shape","Asphalt roads","Daylight","Raining","Vehicle with vehicle collision","Other","Not a Pedestrian","No distancing",2
"9819","18-30","Male","Junior high school","Employee","Above 10yr","Two-way (divided with broken lines road marking)","O Shape","Other","Darkness - no lighting","Raining","Vehicle with vehicle collision","Moving Backward","Not a Pedestrian","Changing lane to the right",2
"9820","18-30","Male","Junior high school","Employee","Above 10yr","Two-way (divided with broken lines road marking)","O Shape","Unknown","Darkness - no lighting","Raining","Vehicle with vehicle collision","Going straight","Not a Pedestrian","Moving Backward",2
"9821","18-30","Male","Junior high school","Employee","Above 10yr","Two-way (divided with broken lines road marking)","Y Shape","Asphalt roads","Darkness - lights lit","Normal","Vehicle with vehicle collision","Moving Backward","Not a Pedestrian","No distancing",2
"9822","31-50","Male","Junior high school","Employee","Above 10yr","Undivided Two way","Y Shape","Asphalt roads","Darkness - lights lit","Normal","Vehicle with vehicle collision","Going straight","Not a Pedestrian","Driving to the left",2
"9823","31-50","Male","Junior high school","Employee","5-10yr","other","Y Shape","Asphalt roads","Darkness - lights lit","Normal","Vehicle with vehicle collision","Moving Backward","Not a Pedestrian","Driving to the left",2
"9824","18-30","Female","Junior high school","Employee","2-5yr","Two-way (divided with broken lines road marking)","Y Shape","Asphalt roads","Daylight","Normal","Vehicle with vehicle collision","Unknown","Not a Pedestrian","Moving Backward",2
"9825","18-30","Male","Junior high school","Employee","Below 1yr","Two-way (divided with broken lines road marking)","Y Shape","Asphalt roads","Daylight","Normal","Vehicle with vehicle collision","Going straight","Not a Pedestrian","Moving Backward",2
"9826","18-30","Male","Junior high school","Employee","Below 1yr","Double carriageway (median)","Crossing","Asphalt roads","Daylight","Raining","Vehicle with vehicle collision","Going straight","Crossing from nearside - masked by parked or statioNot a Pedestrianry vehicle","Overtaking",2
"9827","Over 51","Male","Junior high school","Employee","2-5yr","Two-way (divided with broken lines road marking)","Crossing","Asphalt roads","Daylight","Raining","Collision with pedestrians","Going straight","Crossing from nearside - masked by parked or statioNot a Pedestrianry vehicle","Driving carelessly",2
"9828","31-50","Male","Elementary school","Employee","Below 1yr","Double carriageway (median)","Crossing","Asphalt roads","Daylight","Raining","Collision with roadside objects","Going straight","Not a Pedestrian","Changing lane to the left",2
"9829","18-30","Female","Junior high school","Employee","Below 1yr","Two-way (divided with broken lines road marking)","No junction","Asphalt roads","Daylight","Normal","Collision with roadside objects","Other","Not a Pedestrian","Driving under the influence of drugs",1
"9830","Over 51","Female","Junior high school","Employee","5-10yr","Double carriageway (median)","No junction","Asphalt roads","Daylight","Normal","Vehicle with vehicle collision","Going straight","Not a Pedestrian","No distancing",1
"9831","18-30","Female","Junior high school","Employee","5-10yr","Two-way (divided with broken lines road marking)","No junction","Asphalt roads","Daylight","Normal","Vehicle with vehicle collision","Moving Backward","Not a Pedestrian","Moving Backward",2
"9832","18-30","Male","Writing & reading","Employee","Below 1yr","Two-way (divided with broken lines road marking)","No junction","Asphalt roads","Daylight","Normal","Vehicle with vehicle collision","Moving Backward","Not a Pedestrian","Changing lane to the left",2
"9833","18-30","Male","Junior high school","Employee","Below 1yr","other","Y Shape","Other","Daylight","Raining","Vehicle with vehicle collision","Moving Backward","Not a Pedestrian","Changing lane to the right",2
"9834","18-30","Male","Junior high school","Employee","1-2yr","Undivided Two way","Y Shape","Asphalt roads","Daylight","Raining","Vehicle with vehicle collision","Going straight","Crossing from driver's nearside","No distancing",2
"9835","31-50","Male","Elementary school","Employee","Above 10yr","Undivided Two way","Y Shape","Asphalt roads","Daylight","Raining","Collision with roadside objects","Going straight","Not a Pedestrian","Driving at high speed",2
"9836","31-50","Male","Elementary school","Employee","Above 10yr","Undivided Two way","Y Shape","Asphalt roads","Daylight","Normal","Vehicle with vehicle collision","Going straight","Not a Pedestrian","Changing lane to the right",2
"9837","31-50","Male","Elementary school","Employee","Below 1yr","Two-way (divided with broken lines road marking)","Y Shape","Asphalt roads","Daylight","Normal","Vehicle with vehicle collision","Going straight","Not a Pedestrian","No priority to vehicle",2
"9838","18-30","Male","High school","Employee","2-5yr","Undivided Two way","No junction","Asphalt roads","Daylight","Normal","Vehicle with vehicle collision","Other","Not a Pedestrian","No distancing",2
"9839","18-30","Male","Junior high school","Employee","2-5yr","Two-way (divided with broken lines road marking)","No junction","Asphalt roads","Daylight","Normal","Vehicle with vehicle collision","Going straight","Crossing from driver's nearside","Turnover",2
"9840","18-30","Male","Above high school","Employee","Above 10yr","Undivided Two way","Y Shape","Asphalt roads","Darkness - lights lit","Raining","Vehicle with vehicle collision","Going straight","Not a Pedestrian","No distancing",2
"9841","18-30","Male","Junior high school","Employee","2-5yr","Two-way (divided with broken lines road marking)","No junction","Asphalt roads","Darkness - lights lit","Raining and Windy","Vehicle with vehicle collision","Going straight","Not a Pedestrian","Changing lane to the right",2
"9842","18-30","Male","Junior high school","Employee","2-5yr","Two-way (divided with broken lines road marking)","No junction","Asphalt roads","Darkness - lights lit","Raining and Windy","Collision with pedestrians","Reversing","Not a Pedestrian","No distancing",2
"9843","18-30","Male","High school","Employee","1-2yr","Two-way (divided with broken lines road marking)","No junction","Other","Darkness - lights lit","Raining and Windy","Collision with pedestrians","Moving Backward","Not a Pedestrian","Changing lane to the left",2
"9844","31-50","Unknown","Junior high school","Employee","5-10yr","Undivided Two way","Crossing","Asphalt roads","Darkness - lights lit","Normal","Collision with roadside objects","Going straight","Not a Pedestrian","Driving carelessly",2
"9845","18-30","Male","Junior high school","Employee","Below 1yr","Undivided Two way","Crossing","Asphalt roads","Darkness - lights lit","Normal","Collision with pedestrians","Going straight","Not a Pedestrian","Changing lane to the right",2
"9846","18-30","Male","Junior high school","Employee","Below 1yr","Undivided Two way","Crossing","Unknown","Darkness - lights lit","Normal","Vehicle with vehicle collision","Reversing","Not a Pedestrian","No priority to vehicle",2
"9847","18-30","Male","Elementary school","Employee","5-10yr","other","Crossing","Asphalt roads","Darkness - lights lit","Normal","Vehicle with vehicle collision","Going straight","Not a Pedestrian","No distancing",2
"9848","31-50","Male","Junior high school","Employee","Below 1yr","Undivided Two way","Crossing","Asphalt roads","Darkness - lights lit","Raining","Vehicle with vehicle collision","Reversing","Not a Pedestrian","No priority to pedestrian",2
"9849","31-50","Male","Junior high school","Employee","1-2yr","Two-way (divided with solid lines road marking)","Y Shape","Asphalt roads","Daylight","Normal","Collision with roadside objects","Other","Not a Pedestrian","No priority to pedestrian",1
"9850","Over 51","Male","Elementary school","Employee","2-5yr","Two-way (divided with solid lines road marking)","Y Shape","Earth roads","Daylight","Normal","Collision with roadside objects","Unknown","Not a Pedestrian","No priority to vehicle",1
"9851","Under 18","Male","High school","Employee","1-2yr","Two-way (divided with solid lines road marking)","Crossing","Asphalt roads","Daylight","Normal","Vehicle with vehicle collision","Going straight","In carriageway, statioNot a Pedestrianry - not crossing  (standing or playing)","Changing lane to the left",2
"9852","18-30","Male","Junior high school","Employee","5-10yr","Two-way (divided with solid lines road marking)","Crossing","Asphalt roads","Daylight","Normal","Vehicle with vehicle collision","Going straight","Not a Pedestrian","Changing lane to the left",2
"9853","18-30","Male","Junior high school","Employee","Below 1yr","Two-way (divided with broken lines road marking)","Y Shape","Asphalt roads","Darkness - lights lit","Normal","Vehicle with vehicle collision","Going straight","Not a Pedestrian","No distancing",2
"9854","18-30","Male","High school","Employee","Above 10yr","Undivided Two way","Y Shape","Asphalt roads","Darkness - lights lit","Normal","Vehicle with vehicle collision","Going straight","Crossing from nearside - masked by parked or statioNot a Pedestrianry vehicle","No priority to vehicle",2
"9855","18-30","Male","Elementary school","Owner","5-10yr","Undivided Two way","Y Shape","Asphalt roads","Darkness - lights lit","Normal","Vehicle with vehicle collision","Going straight","Crossing from nearside - masked by parked or statioNot a Pedestrianry vehicle","No distancing",2
"9856","18-30","Male","Elementary school","Employee","Below 1yr","other","Y Shape","Asphalt roads","Darkness - lights lit","Normal","Vehicle with vehicle collision","Going straight","Not a Pedestrian","No distancing",2
"9857","31-50","Male","Junior high school","Employee","5-10yr","Undivided Two way","No junction","Asphalt roads","Daylight","Normal","Vehicle with vehicle collision","Going straight","Not a Pedestrian","Changing lane to the right",2
"9858","31-50","Male","Elementary school","Owner","5-10yr","Two-way (divided with broken lines road marking)","Y Shape","Asphalt roads","Darkness - lights lit","Raining","Vehicle with vehicle collision","Going straight","Not a Pedestrian","Changing lane to the left",2
"9859","18-30","Male","Junior high school","Employee","2-5yr","Undivided Two way","Y Shape","Asphalt roads","Darkness - lights lit","Raining","Vehicle with vehicle collision","Going straight","Not a Pedestrian","No distancing",2
"9860","18-30","Male","Junior high school","Employee","Above 10yr","Undivided Two way","Crossing","Asphalt roads","Darkness - lights lit","Raining","Collision with roadside objects","Going straight","Not a Pedestrian","Overturning",2
"9861","Over 51","Male","Junior high school","Employee","5-10yr","One way","Crossing","Asphalt roads","Darkness - lights lit","Raining","Collision with roadside objects","Going straight","Not a Pedestrian","No priority to vehicle",2
"9862","Over 51","Male","High school","Employee","1-2yr","Two-way (divided with broken lines road marking)","Crossing","Asphalt roads","Darkness - lights lit","Raining","Collision with pedestrians","Going straight","Crossing from offside - masked by  parked or statioNot a Pedestrianry vehicle","Moving Backward",2
"9863","18-30","Male","Elementary school","Employee","5-10yr","Undivided Two way","Crossing","Asphalt roads","Darkness - lights lit","Normal","Vehicle with vehicle collision","Going straight","Not a Pedestrian","Driving under the influence of drugs",2
"9864","18-30","Male","Elementary school","Employee","2-5yr","Two-way (divided with broken lines road marking)","Crossing","Asphalt roads","Darkness - lights lit","Normal","Vehicle with vehicle collision","Going straight","Crossing from driver's nearside","Moving Backward",2
"9865","31-50","Male","Junior high school","Employee","Below 1yr","other","Y Shape","Asphalt roads","Daylight","Normal","Vehicle with vehicle collision","Going straight","Not a Pedestrian","Changing lane to the right",2
"9866","Under 18","Male","Junior high school","Employee","Below 1yr","Undivided Two way","No junction","Asphalt roads","Daylight","Normal","Vehicle with vehicle collision","Moving Backward","Not a Pedestrian","Overspeed",2
"9867","31-50","Male","Junior high school","Employee","5-10yr","One way","Y Shape","Asphalt roads","Darkness - no lighting","Normal","Vehicle with vehicle collision","Going straight","Not a Pedestrian","Driving under the influence of drugs",1
"9868","31-50","Male","Junior high school","Owner","5-10yr","Undivided Two way","Y Shape","Earth roads","Darkness - no lighting","Normal","Vehicle with vehicle collision","Going straight","Not a Pedestrian","Driving carelessly",1
"9869","31-50","Male","Elementary school","Employee","1-2yr","Undivided Two way","Y Shape","Asphalt roads","Darkness - no lighting","Normal","Vehicle with vehicle collision","Going straight","Not a Pedestrian","No distancing",1
"9870","Over 51","Male","Junior high school","Employee","5-10yr","One way","Crossing","Asphalt roads","Darkness - lights lit","Normal","Vehicle with vehicle collision","Unknown","Not a Pedestrian","No priority to vehicle",1
"9871","Under 18","Male","Elementary school","Employee","Above 10yr","Undivided Two way","Crossing","Asphalt roads","Darkness - lights lit","Normal","Vehicle with vehicle collision","Turnover","Not a Pedestrian","Overspeed",1
"9872","18-30","Male","Junior high school","Owner","1-2yr","Two-way (divided with broken lines road marking)","Y Shape","Asphalt roads","Daylight","Normal","Collision with pedestrians","Going straight","Not a Pedestrian","Driving under the influence of drugs",2
"9873","31-50","Male","Junior high school","Unknown","5-10yr","Two-way (divided with broken lines road marking)","Y Shape","Asphalt roads","Daylight","Normal","Collision with pedestrians","Going straight","Not a Pedestrian","Changing lane to the right",2
"9874","18-30","Male","Junior high school","Employee","Above 10yr","other","Y Shape","Asphalt roads","Daylight","Normal","Vehicle with vehicle collision","Going straight","Not a Pedestrian","Changing lane to the right",2
"9875","18-30","Male","Elementary school","Owner","2-5yr","Double carriageway (median)","Crossing","Asphalt roads","Daylight","Other","Vehicle with vehicle collision","Going straight","Not a Pedestrian","Changing lane to the right",2
"9876","18-30","Male","Junior high school","Employee","5-10yr","Two-way (divided with broken lines road marking)","Crossing","Asphalt roads","Daylight","Other","Vehicle with vehicle collision","Going straight","Not a Pedestrian","Changing lane to the right",2
"9877","18-30","Male","Junior high school","Employee","Below 1yr","Double carriageway (median)","Y Shape","Asphalt roads","Daylight","Normal","Vehicle with vehicle collision","Going straight","Not a Pedestrian","Moving Backward",2
"9878","31-50","Male","Junior high school","Employee","5-10yr","Double carriageway (median)","No junction","Asphalt roads","Daylight","Normal","Vehicle with vehicle collision","Going straight","Not a Pedestrian","No distancing",2
"9879","18-30","Male","High school","Employee","Above 10yr","Double carriageway (median)","Unknown","Earth roads","Darkness - lights lit","Normal","Vehicle with vehicle collision","Going straight","Not a Pedestrian","Overspeed",2
"9880","18-30","Male","Junior high school","Employee","5-10yr","Two-way (divided with broken lines road marking)","No junction","Asphalt roads","Darkness - lights lit","Normal","Vehicle with vehicle collision","Going straight","Not a Pedestrian","No distancing",2
"9881","31-50","Male","Elementary school","Employee","1-2yr","Two-way (divided with broken lines road marking)","No junction","Asphalt roads","Darkness - lights lit","Normal","Vehicle with vehicle collision","Turnover","Not a Pedestrian","Driving carelessly",2
"9882","31-50","Male","Junior high school","Employee","5-10yr","One way","No junction","Asphalt roads","Darkness - lights lit","Normal","Vehicle with vehicle collision","Unknown","Not a Pedestrian","No distancing",2
"9883","31-50","Male","Elementary school","Employee","1-2yr","Undivided Two way","No junction","Asphalt roads","Darkness - lights lit","Normal","Vehicle with vehicle collision","Reversing","Not a Pedestrian","No distancing",2
"9884","18-30","Male","Junior high school","Owner","1-2yr","Two-way (divided with broken lines road marking)","Y Shape","Asphalt roads","Daylight","Normal","Vehicle with vehicle collision","Other","Not a Pedestrian","No distancing",2
"9885","18-30","Male","Above high school","Owner","1-2yr","Two-way (divided with broken lines road marking)","Y Shape","Asphalt roads","Daylight","Normal","Vehicle with vehicle collision","Going straight","Not a Pedestrian","Changing lane to the right",2
"9886","18-30","Male","Junior high school","Owner","5-10yr","Two-way (divided with broken lines road marking)","Y Shape","Asphalt roads","Daylight","Normal","Vehicle with vehicle collision","Going straight","Not a Pedestrian","No distancing",2
"9887","31-50","Female","Junior high school","Employee","5-10yr","Two-way (divided with broken lines road marking)","Y Shape","Asphalt roads","Daylight","Normal","Vehicle with vehicle collision","Turnover","Not a Pedestrian","No priority to vehicle",2
"9888","18-30","Male","Elementary school","Employee","5-10yr","Two-way (divided with broken lines road marking)","Y Shape","Gravel roads","Darkness - lights lit","Cloudy","Vehicle with vehicle collision","Other","Not a Pedestrian","Changing lane to the left",2
"9889","Over 51","Male","High school","Owner","Below 1yr","Undivided Two way","Y Shape","Asphalt roads","Darkness - lights lit","Cloudy","Vehicle with vehicle collision","Going straight","Not a Pedestrian","Moving Backward",2
"9890","31-50","Male","Junior high school","Employee","Above 10yr","Undivided Two way","Y Shape","Asphalt roads","Darkness - lights lit","Cloudy","Vehicle with vehicle collision","Going straight","Not a Pedestrian","Driving carelessly",2
"9891","18-30","Male","Junior high school","Employee","5-10yr","Two-way (divided with broken lines road marking)","Other","Asphalt roads","Darkness - lights lit","Raining","Vehicle with vehicle collision","Other","Not a Pedestrian","Changing lane to the left",2
"9892","31-50","Male","Junior high school","Employee","Below 1yr","Two-way (divided with broken lines road marking)","Other","Asphalt roads","Darkness - lights lit","Raining","Vehicle with vehicle collision","Going straight","Not a Pedestrian","No priority to pedestrian",2
"9893","18-30","Female","Junior high school","Employee","Above 10yr","Two-way (divided with broken lines road marking)","Y Shape","Asphalt roads","Daylight","Snow","Vehicle with vehicle collision","Turnover","Not a Pedestrian","No distancing",2
"9894","Over 51","Male","Junior high school","Employee","5-10yr","Undivided Two way","Y Shape","Asphalt roads","Daylight","Snow","Vehicle with vehicle collision","Going straight","Not a Pedestrian","No distancing",2
"9895","31-50","Male","Junior high school","Owner","Above 10yr","Double carriageway (median)","Y Shape","Asphalt roads","Daylight","Snow","Collision with roadside objects","Turnover","Not a Pedestrian","Overturning",2
"9896","31-50","Male","Junior high school","Employee","5-10yr","Two-way (divided with broken lines road marking)","Y Shape","Asphalt roads","Daylight","Snow","Collision with roadside objects","Going straight","Not a Pedestrian","No distancing",2
"9897","Over 51","Male","Junior high school","Employee","1-2yr","Undivided Two way","Crossing","Asphalt roads","Daylight","Snow","Vehicle with vehicle collision","Moving Backward","Not a Pedestrian","Drunk driving",2
"9898","Over 51","Male","Junior high school","Employee","1-2yr","other","Crossing","Asphalt roads","Daylight","Snow","Vehicle with vehicle collision","Unknown","Not a Pedestrian","Moving Backward",2
"9899","18-30","Male","Junior high school","Employee","1-2yr","Undivided Two way","Crossing","Asphalt roads","Daylight","Snow","Vehicle with vehicle collision","Going straight","Not a Pedestrian","No priority to pedestrian",2
"9900","18-30","Male","High school","Employee","2-5yr","Undivided Two way","Crossing","Asphalt roads","Daylight","Snow","Vehicle with vehicle collision","Going straight","Not a Pedestrian","Changing lane to the left",2
"9901","31-50","Male","High school","Owner","Above 10yr","Undivided Two way","No junction","Asphalt roads","Daylight","Snow","Collision with roadside objects","Reversing","Not a Pedestrian","Changing lane to the left",2
"9902","31-50","Male","Elementary school","Employee","2-5yr","One way","No junction","Asphalt roads","Daylight","Snow","Vehicle with vehicle collision","Reversing","Not a Pedestrian","Getting off the vehicle improperly",2
"9903","18-30","Male","Junior high school","Employee","Above 10yr","Undivided Two way","No junction","Asphalt roads","Darkness - no lighting","Snow","Collision with roadside objects","Reversing","Not a Pedestrian","No distancing",2
"9904","31-50","Male","High school","Employee","2-5yr","Undivided Two way","No junction","Asphalt roads","Darkness - no lighting","Snow","Collision with roadside objects","Going straight","Not a Pedestrian","Changing lane to the right",2
"9905","Over 51","Male","Junior high school","Other","No Licence","Double carriageway (median)","No junction","Asphalt roads","Darkness - lights lit","Normal","Collision with pedestrians","Going straight","Not a Pedestrian","Changing lane to the right",2
"9906","Over 51","Male","Junior high school","Employee","1-2yr","Two-way (divided with solid lines road marking)","No junction","Asphalt roads","Darkness - lights lit","Normal","Vehicle with vehicle collision","Going straight","Not a Pedestrian","Moving Backward",2
"9907","Over 51","Male","Junior high school","Owner","5-10yr","other","No junction","Asphalt roads","Darkness - lights lit","Normal","Collision with roadside objects","Going straight","Not a Pedestrian","Driving at high speed",2
"9908","Over 51","Male","Junior high school","Employee","1-2yr","Undivided Two way","No junction","Asphalt roads","Darkness - lights lit","Normal","Vehicle with vehicle collision","Moving Backward","Not a Pedestrian","Changing lane to the left",2
"9909","Over 51","Male","Junior high school","Employee","Above 10yr","other","No junction","Earth roads","Darkness - lights lit","Normal","Vehicle with vehicle collision","Going straight","Not a Pedestrian","Changing lane to the right",2
"9910","31-50","Male","Junior high school","Employee","1-2yr","other","No junction","Asphalt roads","Darkness - lights lit","Normal","Vehicle with vehicle collision","Moving Backward","Not a Pedestrian","No distancing",2
"9911","Over 51","Male","Junior high school","Employee","1-2yr","other","Crossing","Asphalt roads","Daylight","Normal","Vehicle with vehicle collision","Moving Backward","Not a Pedestrian","Changing lane to the right",2
"9912","18-30","Male","Junior high school","Employee","2-5yr","other","Crossing","Asphalt roads","Daylight","Normal","Vehicle with vehicle collision","Going straight","Not a Pedestrian","Changing lane to the right",2
"9913","18-30","Female","High school","Employee","1-2yr","One way","Crossing","Asphalt roads","Daylight","Normal","Vehicle with vehicle collision","Other","Not a Pedestrian","No distancing",2
"9914","18-30","Female","Junior high school","Employee","1-2yr","Two-way (divided with broken lines road marking)","Crossing","Asphalt roads","Daylight","Normal","Collision with roadside objects","Going straight","Not a Pedestrian","Changing lane to the right",2
"9915","Under 18","Male","Elementary school","Employee","Above 10yr","other","No junction","Asphalt roads","Daylight","Snow","Vehicle with vehicle collision","Other","Not a Pedestrian","Driving carelessly",2
"9916","18-30","Male","Junior high school","Employee","Above 10yr","Undivided Two way","No junction","Asphalt roads","Daylight","Snow","Collision with roadside objects","Going straight","Not a Pedestrian","Driving carelessly",2
"9917","18-30","Male","Elementary school","Employee","Above 10yr","Two-way (divided with broken lines road marking)","Y Shape","Gravel roads","Darkness - lights lit","Normal","Vehicle with vehicle collision","Reversing"," or other","Changing lane to the right",2
"9918","18-30","Male","Junior high school","Employee","Above 10yr","Two-way (divided with broken lines road marking)","Y Shape","Asphalt roads","Darkness - lights lit","Normal","Vehicle with vehicle collision","Unknown","Not a Pedestrian","Overturning",2
"9919","31-50","Male","Junior high school","Employee","1-2yr","Two-way (divided with broken lines road marking)","No junction","Asphalt roads","Daylight","Normal","Vehicle with vehicle collision","Going straight","Not a Pedestrian","Changing lane to the right",2
"9920","Over 51","Male","Junior high school","Employee","5-10yr","Two-way (divided with broken lines road marking)","Y Shape","Asphalt roads","Darkness - lights lit","Cloudy","Collision with roadside objects","Going straight","Not a Pedestrian","Moving Backward",2
"9921","31-50","Male","High school","Owner","2-5yr","Undivided Two way","Y Shape","Other","Darkness - lights lit","Cloudy","Collision with roadside objects","Going straight","Crossing from offside - masked by  parked or statioNot a Pedestrianry vehicle","No distancing",2
"9922","31-50","Male","Junior high school","Employee","2-5yr","Two-way (divided with broken lines road marking)","Y Shape","Asphalt roads","Darkness - lights lit","Cloudy","Vehicle with vehicle collision","Going straight","Not a Pedestrian","Overturning",2
"9923","Over 51","Male","Junior high school","Employee","5-10yr","Two-way (divided with broken lines road marking)","Y Shape","Asphalt roads","Darkness - lights lit","Other","Vehicle with vehicle collision","Going straight","Not a Pedestrian","Driving carelessly",2
"9924","Over 51","Male","Junior high school","Employee","5-10yr","Two-way (divided with broken lines road marking)","Y Shape","Asphalt roads","Darkness - lights lit","Other","Vehicle with vehicle collision","Going straight","Not a Pedestrian","Changing lane to the right",2
"9925","31-50","Male","Junior high school","Employee","2-5yr","Two-way (divided with broken lines road marking)","Y Shape","Asphalt roads","Darkness - lights lit","Other","Vehicle with vehicle collision","Other","Not a Pedestrian","Driving at high speed",2
"9926","18-30","Male","High school","Employee","Above 10yr","Two-way (divided with broken lines road marking)","Y Shape","Asphalt roads","Daylight","Normal","Vehicle with vehicle collision","Going straight","Not a Pedestrian","Changing lane to the left",2
"9927","31-50","Male","Elementary school","Employee","5-10yr","Undivided Two way","Y Shape","Asphalt roads","Daylight","Normal","Vehicle with vehicle collision","Going straight","Not a Pedestrian","Driving carelessly",2
"9928","18-30","Male","Junior high school","Employee","Above 10yr","Two-way (divided with broken lines road marking)","Y Shape","Asphalt roads","Daylight","Normal","Vehicle with vehicle collision","Going straight","Walking along in carriageway, back to traffic","No distancing",2
"9929","18-30","Male","Writing & reading","Employee","2-5yr","Undivided Two way","Y Shape","Asphalt roads","Darkness - lights lit","Normal","Collision with roadside objects","Going straight","Not a Pedestrian","Moving Backward",2
"9930","31-50","Male","Junior high school","Employee","2-5yr","Undivided Two way","Y Shape","Asphalt roads","Darkness - lights lit","Raining","Collision with roadside objects","Reversing","Not a Pedestrian","No priority to pedestrian",2
"9931","31-50","Male","High school","Employee","2-5yr","Undivided Two way","Y Shape","Asphalt roads","Daylight","Windy","Collision with roadside objects","Going straight","Not a Pedestrian","Moving Backward",2
"9932","18-30","Male","Junior high school","Employee","1-2yr","Undivided Two way","Y Shape","Asphalt roads","Daylight","Windy","Vehicle with vehicle collision","Going straight","Not a Pedestrian","Changing lane to the right",2
"9933","18-30","Male","High school","Employee","5-10yr","Undivided Two way","Y Shape","Asphalt roads","Daylight","Normal","Vehicle with vehicle collision","Other","Not a Pedestrian","No distancing",2
"9934","18-30","Male","Elementary school","Employee","2-5yr","Two-way (divided with broken lines road marking)","Y Shape","Asphalt roads","Darkness - lights lit","Normal","Vehicle with vehicle collision","Going straight","Not a Pedestrian","Drunk driving",2
"9935","31-50","Male","Junior high school","Employee","1-2yr","Two-way (divided with broken lines road marking)","Y Shape","Asphalt roads","Daylight","Normal","Vehicle with vehicle collision","Going straight","Crossing from nearside - masked by parked or statioNot a Pedestrianry vehicle","Changing lane to the right",2
"9936","31-50","Male","Elementary school","Employee","1-2yr","Two-way (divided with broken lines road marking)","Y Shape","Gravel roads","Daylight","Normal","Collision with pedestrians","Going straight","Not a Pedestrian","Driving carelessly",2
"9937","18-30","Male","High school","Employee","No Licence","Undivided Two way","Y Shape","Asphalt roads","Daylight","Normal","Collision with pedestrians","Turnover","Not a Pedestrian","Driving to the left",2
"9938","31-50","Male","Junior high school","Owner","5-10yr","Two-way (divided with broken lines road marking)","Y Shape","Asphalt roads","Daylight","Normal","Vehicle with vehicle collision","Going straight","Not a Pedestrian","Changing lane to the right",2
"9939","18-30","Female","Junior high school","Employee","1-2yr","Two-way (divided with broken lines road marking)","Crossing","Asphalt roads","Darkness - lights lit","Normal","Vehicle with vehicle collision","Going straight","Not a Pedestrian","Changing lane to the right",1
"9940","18-30","Male","Junior high school","Employee","2-5yr","Undivided Two way","Crossing","Other","Darkness - lights lit","Normal","Vehicle with vehicle collision","Reversing","Not a Pedestrian","Driving carelessly",1
"9941","31-50","Male","Junior high school","Employee","5-10yr","other","Y Shape","Asphalt roads","Daylight","Normal","Vehicle with vehicle collision","Other","Crossing from offside - masked by  parked or statioNot a Pedestrianry vehicle","Changing lane to the left",2
"9942","31-50","Male","Junior high school","Unknown","5-10yr","other","Crossing","Other","Darkness - no lighting","Normal","Vehicle with vehicle collision","Going straight","Not a Pedestrian","No priority to vehicle",2
"9943","18-30","Male","Junior high school","Unknown","5-10yr","Two-way (divided with broken lines road marking)","Y Shape","Asphalt roads","Darkness - lights lit","Normal","Vehicle with vehicle collision","Going straight","Not a Pedestrian","Driving carelessly",2
"9944","18-30","Male","Junior high school","Employee","2-5yr","Two-way (divided with broken lines road marking)","Y Shape","Asphalt roads","Darkness - lights lit","Normal","Vehicle with vehicle collision","Moving Backward","Not a Pedestrian","Changing lane to the right",2
"9945","18-30","Male","Junior high school","Employee","Above 10yr","other","Y Shape","Asphalt roads","Darkness - lights lit","Normal","Vehicle with vehicle collision","Reversing","Not a Pedestrian","Driving carelessly",2